experiment_id,experiment_name,field_id,experiment_boundary
77,HOOS FIELD - direct drilled section,79,"((-0.377552758584248 51.8128585964352, -0.377595578483168 51.8122560061985, -0.374619140213365 51.8115920371168, -0.374431380202056 51.8121738301691, -0.377552758584248 51.8128585964352))"
78,HOOS BARLEY,79,"((-0.377595578483168 51.8122560061985, -0.377670228420119 51.8113688995863, -0.377670787406429 51.8113412120442, -0.377667904563945 51.8113245371435, -0.377662424273303 51.811315559504, -0.377651611230537 51.8113096554927, -0.377635549343835 51.8113044883547, -0.377608725830602 51.8112960255782, -0.377420384772827 51.8112366880975, -0.377357271591159 51.8112167544115, -0.377165380598829 51.8111552993892, -0.377095311445606 51.8111311332776, -0.377031667008672 51.8111098432894, -0.377020702361617 51.8111081633513, -0.377003509725996 51.8111021712454, -0.376983775005754 51.8110942557443, -0.376933917696352 51.8110768426649, -0.376875013001269 51.8110568768747, -0.376808878053155 51.8110362717514, -0.376758869115649 51.8110230827285, -0.37668873840512 51.8110087167659, -0.376618745953239 51.8109985788938, -0.376571121269181 51.8109876706914, -0.376462791619592 51.8109503873241, -0.376364360096449 51.810916207848, -0.375923630335217 51.8107634637961, -0.375681880814694 51.8106807262288, -0.375630120185592 51.810663825822, -0.375594852341339 51.8106562350711, -0.375558369223186 51.8106542025448, -0.375516253610803 51.8106555091584, -0.375455591062916 51.8106642926685, -0.375364402114682 51.8106788589349, -0.375306352601582 51.8106875885436, -0.375260862903378 51.8106939738785, -0.375245445234284 51.8106951096882, -0.375231519503486 51.8106950971504, -0.375213295713659 51.8106935865195, -0.375176548907296 51.8106867844886, -0.3751533122538 51.8106794497354, -0.375101693589146 51.8106626409757, -0.375033159825056 51.8106402033096, -0.375006226372031 51.8106428884562, -0.374980810251349 51.8106477526337, -0.374945086277607 51.8106568804472, -0.374925910801198 51.8106656973865, -0.374914136388485 51.8106744367461, -0.374900876014519 51.810688191075, -0.37488783773181 51.8107038367846, -0.37487031940501 51.8107311101489, -0.374852626490335 51.8107632367614, -0.374843512186977 51.8107827133137, -0.374840749900615 51.8107909477562, -0.374838586018726 51.8108067437211, -0.374834556626061 51.8108219743903, -0.374828164838104 51.8108423877577, -0.374805922768608 51.8109243569294, -0.374778394737681 51.8110201906042, -0.37471352502834 51.8112547938469, -0.374669694291966 51.8114166730126, -0.374619140213365 51.8115920371168, -0.377595578483168 51.8122560061985))"
150,Section 9,62,"((-0.3713920712471008 51.8085351495007, -0.3709253668785095 51.80843564619741, -0.3703567385673522 51.80957992092357, -0.3708127140998839 51.8096827383896, -0.3713920712471008 51.8085351495007))"
151,Section 8,62,"((-0.3718426823616028 51.80863133581849, -0.3714028000831604 51.80854178304645, -0.3708234429359435 51.80967942170082, -0.3712525963783264 51.80975570548128, -0.3718426823616028 51.80863133581849))"
152,Section 7,62,"((-0.3722932934761047 51.80871757165295, -0.3718480467796325 51.80863133581843, -0.3712472319602966 51.80980877238284, -0.3717032074928283 51.80989832263754, -0.3722932934761047 51.80871757165295))"
153,Section 6,62,"((-0.372711718082428 51.80880380732248, -0.3723093867301941 51.80872420517187, -0.3717246651649476 51.80989832263754, -0.3721216320991517 51.80998123938141, -0.372711718082428 51.80880380732248))"
154,Section 5,62,"((-0.3731623291969299 51.80889335957389, -0.3727117180824279 51.80880712407571, -0.3721323609352111 51.80997792271455, -0.3725776076316833 51.8100641559727, -0.3731623291969299 51.80889335957389))"
168,Section 4,62,"((-0.373607575893402 51.80898954512719, -0.3731730580329894 51.80889667632053, -0.3725937008857726 51.81007078929343, -0.3730228543281555 51.81015370572001, -0.373607575893402 51.80898954512719))"
169,Section 3,62,"((-0.3740903735160828 51.80908573047526, -0.3736236691474915 51.80899286186676, -0.3730282187461854 51.81015702237389, -0.3734949231147767 51.81025320523054, -0.3740903735160828 51.80908573047526))"
170,Section 2,62,"((-0.3744980692863465 51.80917859889243, -0.3740957379341125 51.80909236393995, -0.3734949231147767 51.81025652187711, -0.3739026188850403 51.8103427546022, -0.3744980692863465 51.80917859889243))"
171,Section 1,62,"((-0.3749969601631165 51.80927478383703, -0.3745141625404358 51.80917859889243, -0.3739455342292786 51.81029300497323, -0.3744336962699891 51.81038587090288, -0.3749969601631165 51.80927478383703))"
172,Section 0,62,"((-0.3753939270973206 51.8093543850153, -0.3750130534172059 51.80928141727392, -0.3744497895240784 51.81038587090288, -0.3748467564582825 51.81045883685624, -0.3753939270973206 51.8093543850153))"
269,2020/R/RAW/2025,104,
270,2020/R/RAW/2027,104,
278,RRES LSRE WW,279,"(((-0.371246135116662 51.8109413840994, -0.370927054891455 51.8108551379442, -0.371066046493759 51.810657441262, -0.371385132084145 51.8107435072833, -0.371246135116662 51.8109413840994)), ((-0.370554814951733 51.8107546664732, -0.370235734157411 51.8106685083366, -0.370374734657246 51.8104706327369, -0.370693959327622 51.810556792498, -0.370554814951733 51.8107546664732)), ((-0.369660740870024 51.8108562944786, -0.369341522617162 51.8107699521655, -0.36948051760172 51.8105723472869, -0.369799744469173 51.8106584195913, -0.369660740870024 51.8108562944786)), ((-0.3693149391001 51.8107629295291, -0.368996150671846 51.8106767720687, -0.369135014847008 51.8104788060963, -0.369453940664784 51.810565144933, -0.3693149391001 51.8107629295291)), ((-0.371186579692357 51.8116115402866, -0.370867488398341 51.8115254736894, -0.371006195639952 51.8113276832279, -0.371325575806848 51.8114137534574, -0.371186579692357 51.8116115402866)), ((-0.369112171767569 51.8110513680645, -0.368793381715374 51.8109652100442, -0.368932247688557 51.8107672443359, -0.369251175130301 51.8108535837326, -0.369112171767569 51.8110513680645)), ((-0.369255207106415 51.8114331723784, -0.368935985601877 51.8113468289441, -0.369074984180824 51.8111492245941, -0.369394214302553 51.8112352980198, -0.369255207106415 51.8114331723784)), ((-0.368909401812475 51.8113398062143, -0.368590610136325 51.8112536476342, -0.368729477907571 51.81105568219, -0.369048406973295 51.8111420221468, -0.368909401812475 51.8113398062143)), ((-0.37096032593707 51.8101777838322, -0.370641248394388 51.8100916268162, -0.370780245297506 51.8098937506879, -0.37109946671444 51.8099799093279, -0.37096032593707 51.8101777838322)), ((-0.370614678029704 51.8100842449752, -0.370295598582242 51.809998176906, -0.37043473844115 51.8098003930776, -0.370753665302771 51.8098866385035, -0.370614678029704 51.8100842449752)), ((-0.370269021846936 51.8099909747373, -0.369949808471479 51.809904634106, -0.370088798064769 51.8097070284346, -0.370408020050914 51.8097930990572, -0.370269021846936 51.8099909747373)), ((-0.36992322536292 51.8098976116097, -0.369604441806401 51.8098114558289, -0.369743300587754 51.8096134890642, -0.370062221533712 51.8096998262207, -0.36992322536292 51.8098976116097)), ((-0.371103232593441 51.8105594941794, -0.370784297081222 51.8104733395398, -0.370923146342213 51.810275551126, -0.371242225730838 51.81036170739, -0.371103232593441 51.8105594941794)), ((-0.370411922087966 51.8103726858815, -0.370092841014286 51.8102866172519, -0.370231982672016 51.810088833688, -0.37055091115806 51.810175079674, -0.370411922087966 51.8103726858815)), ((-0.370209163523878 51.8106611264023, -0.369890080823965 51.8105750572123, -0.370029224280559 51.810377273913, -0.370348154391041 51.810463520459, -0.370209163523878 51.8106611264023)), ((-0.371651639057322 51.8103644990304, -0.371332562083006 51.8102782539959, -0.371471550090385 51.8100805567851, -0.371790632428151 51.8101666216858, -0.371651639057322 51.8103644990304)), ((-0.371794842113455 51.8107462125952, -0.371475755698554 51.810660147679, -0.371614457551774 51.8104623564262, -0.371933832834119 51.8105484249732, -0.371794842113455 51.8107462125952)), ((-0.371389336455113 51.8113230981083, -0.371070246787483 51.8112370320714, -0.371208952232922 51.8110392413461, -0.37152833077162 51.8111253110148, -0.371389336455113 51.8113230981083)), ((-0.372436582622324 51.8115523231163, -0.372096267459073 51.8115076889056, -0.372168290357292 51.8112963853326, -0.372508739291216 51.8113412909544, -0.372436582622324 51.8115523231163)), ((-0.372700392075966 51.8119086385377, -0.372359790442385 51.8118638213052, -0.372431944761358 51.8116528790835, -0.372772693117861 51.8116976082267, -0.372700392075966 51.8119086385377)), ((-0.373015671401237 51.8109848491797, -0.372674928148575 51.8109401207794, -0.372747227657993 51.8107290904382, -0.373087969399948 51.8107738186176, -0.373015671401237 51.8109848491797)), ((-0.373279485473544 51.8113410734707, -0.372939019542102 51.8112966194489, -0.373011176672229 51.8110854970713, -0.373351631385708 51.8111302204976, -0.373279485473544 51.8113410734707)), ((-0.374122367618544 51.8111301772073, -0.373781912092285 51.8110854560064, -0.373853916708156 51.8108744209379, -0.374194370724676 51.8109191419189, -0.374122367618544 51.8111301772073)), ((-0.374491119762195 51.811178705452, -0.374150811710139 51.8111338974424, -0.374222814690108 51.8109228621356, -0.374563272693062 51.8109674921792, -0.374491119762195 51.811178705452)))"
283,RRES LSRE WW Conventional Min-till,279,"(((-0.371325743409364 51.8114137128106, -0.371186747298838 51.8116114996356, -0.370867656011911 51.8115254330407, -0.371006363249563 51.8113276425835, -0.371325743409364 51.8114137128106)), ((-0.371528498368352 51.8111252703742, -0.37138950405581 51.8113230574634, -0.371070414395268 51.8112369914289, -0.371209119836748 51.8110392007079, -0.371528498368352 51.8111252703742)), ((-0.369799912104299 51.8106583789636, -0.369660908509116 51.8108562538466, -0.369341690263343 51.8107699115359, -0.369480685243938 51.8105723066616, -0.369799912104299 51.8106583789636)), ((-0.371099634316858 51.8099798687134, -0.370960493543455 51.8101777432135, -0.370641416007861 51.8100915861999, -0.370780412907014 51.8098937100759, -0.371099634316858 51.8099798687134)), ((-0.371934000419284 51.8105483843449, -0.371795009702585 51.8107461719626, -0.371475923294771 51.8106601070488, -0.371614625144033 51.8104623158003, -0.371934000419284 51.8105483843449)), ((-0.370062389159168 51.809699785614, -0.369923392992341 51.8098975709988, -0.369604609442902 51.8098114152203, -0.369743468220294 51.8096134484599, -0.370062389159168 51.809699785614)))"
284,RRES LSRE WW Conventional,279,
285,RRES LSRE Plot 25,279,"((-0.369048574627672 51.8111419815093, -0.368909569470817 51.8113397655726, -0.368590777801748 51.8112536069949, -0.368729645569029 51.8110556415549, -0.369048574627672 51.8111419815093))"
292,RRES LSRE OSR Conventional,279,"(((-0.371182545583105 51.8110319088658, -0.371043546821197 51.8112297854134, -0.370724464977612 51.8111435387003, -0.370863458373477 51.8109458422865, -0.371182545583105 51.8110319088658)), ((-0.370491369320481 51.8108451928719, -0.37035222314924 51.8110430665783, -0.370033140736164 51.8109569078837, -0.370172143030453 51.8107590325526, -0.370491369320481 51.8108451928719)), ((-0.370979788861048 51.8113203506947, -0.370840788300709 51.811518226978, -0.370521704831642 51.8114319797046, -0.370660700025075 51.8112342835551, -0.370979788861048 51.8113203506947)), ((-0.370085846210925 51.8114220737166, -0.369946696440916 51.811619946894, -0.369627610776116 51.8115337870786, -0.369766616667371 51.8113359122761, -0.370085846210925 51.8114220737166)))"
293,RRES LSRE OSR SCP,279,"(((-0.372403668073214 51.8116491177777, -0.372331655388647 51.8118601518579, -0.371991338031385 51.8118155173278, -0.372063506935326 51.8116042158498, -0.372403668073214 51.8116491177777)), ((-0.369740035994544 51.8113287998584, -0.369601039739888 51.8115264050046, -0.36928195216828 51.8114403341359, -0.369421101017746 51.8112425516345, -0.369740035994544 51.8113287998584)), ((-0.370896881940378 51.810268310485, -0.370757739367739 51.8104661847206, -0.370438660206331 51.8103800271467, -0.37057765890382 51.8101821512869, -0.370896881940378 51.810268310485)), ((-0.36965687121383 51.8102766651287, -0.369517871451117 51.8104744499849, -0.369199084653869 51.8103882930868, -0.369337947027091 51.8101903268545, -0.36965687121383 51.8102766651287)))"
294,RRES LSRE OSR SCP Min till,279,"(((-0.369740035994544 51.8113287998584, -0.369601039739888 51.8115264050046, -0.36928195216828 51.8114403341359, -0.369421101017746 51.8112425516345, -0.369740035994544 51.8113287998584)), ((-0.36965687121383 51.8102766651287, -0.369517871451117 51.8104744499849, -0.369199084653869 51.8103882930868, -0.369337947027091 51.8101903268545, -0.36965687121383 51.8102766651287)))"
297,RRES LSRE Plot 02,279,"((-0.372403668073214 51.8116491177777, -0.372331655388647 51.8118601518579, -0.371991338031385 51.8118155173278, -0.372063506935326 51.8116042158498, -0.372403668073214 51.8116491177777))"
313,2020/R/WW/2006,89,"((-0.392223212849278 51.8057334570293, -0.392344519597831 51.8057199188894, -0.392376931560858 51.8058322218921, -0.392255769497064 51.8058457620446, -0.392223212849278 51.8057334570293))"
314,2020/R/WW/2011,89,"((-0.391938692542898 51.8053607170056, -0.392231100276757 51.8053282973088, -0.392300847276457 51.8055694259658, -0.392007999894918 51.8056019297513, -0.391938692542898 51.8053607170056))"
315,2018/R/CM/1862,60,"((-0.377178786352809 51.8051442195629, -0.376800791581942 51.8053260362029, -0.376227639848558 51.8048678061254, -0.376605633010035 51.8046859913015, -0.377178786352809 51.8051442195629))"
316,2019/R/CM/1960,60,"((-0.37735721708628 51.8058545296883, -0.377187637285621 51.8058307889674, -0.376510057715055 51.8057354741581, -0.376655799277017 51.805336623715, -0.377502951601449 51.8054556781422, -0.37735721708628 51.8058545296883))"
317,2019/R/CM/1973,60,"((-0.376380807182049 51.8046215624077, -0.376033475732472 51.8045676706155, -0.376109258240973 51.8043800653694, -0.376456588348931 51.804433956928, -0.376380807182049 51.8046215624077))"
318,2020/R/CM/2053,90,"((-0.375088440362111 51.8088132163117, -0.37491856724918 51.8087892884883, -0.374560769450528 51.8087392043875, -0.374667946794604 51.808445389225, -0.375195614471813 51.8085194006439, -0.375088440362111 51.8088132163117))"
319,2020/R/CS/10,92,"((-0.376684905587518 51.8158276836498, -0.377323384420357 51.8160625517837, -0.376754947111605 51.8166562702154, -0.376116462980032 51.8164213989711, -0.376684905587518 51.8158276836498))"
320,2020/R/CS/408,124,"((-0.366962152064686 51.8019768158994, -0.366665266020219 51.8018643394916, -0.367043458305807 51.8014806878582, -0.367340342814121 51.8015931633044, -0.366962152064686 51.8019768158994))"
321,2020/R/CS/690,105,"((-0.381570461914425 51.8148285646565, -0.382194405294174 51.8151779436413, -0.381489702080699 51.8156451817874, -0.381504992927705 51.8156638257069, -0.380790582058463 51.8161505285816, -0.380160994000381 51.8157926120345, -0.381570461914425 51.8148285646565))"
322,2020/R/CS/715,92,"((-0.376854053943003 51.8156585413763, -0.376420065763683 51.8161080841465, -0.376420352553101 51.8161081780248, -0.375938187438471 51.8166101964765, -0.374681216782117 51.816177854688, -0.375173762344561 51.8156335426521, -0.3756128371793 51.8151476572148, -0.375645980531502 51.8151982900921, -0.376854053943003 51.8156585413763))"
323,2020/R/CS/738,70,"(((-0.379708704112177 51.8135618617119, -0.379701195332874 51.8136336939466, -0.379614281106141 51.8136300687387, -0.379621931801109 51.8135583283836, -0.379708704112177 51.8135618617119)), ((-0.379795624663348 51.8135653070986, -0.379788116021444 51.8136371393399, -0.379701195332874 51.8136336939466, -0.379708704112177 51.8135618617119, -0.379795624663348 51.8135653070986)), ((-0.379882548452242 51.8135686625459, -0.379874894945616 51.8136404927966, -0.379788116021444 51.8136371393399, -0.379795624663348 51.8135653070986, -0.379882548452242 51.8135686625459)), ((-0.379969317584968 51.8135722855574, -0.379961812440493 51.8136440279369, -0.379874894945616 51.8136404927966, -0.379882548452242 51.8135686625459, -0.379969317584968 51.8135722855574)), ((-0.380056234957676 51.8135758206269, -0.380048584948225 51.813647561016, -0.379961812440493 51.8136440279369, -0.379969317584968 51.8135722855574, -0.380056234957676 51.8135758206269)), ((-0.380143013788484 51.8135791738849, -0.380135360693496 51.8136510041559, -0.380048584948225 51.813647561016, -0.380056234957676 51.8135758206269, -0.380143013788484 51.8135791738849)), ((-0.380229786188913 51.8135827068293, -0.380222278233268 51.813654539104, -0.380135360693496 51.8136510041559, -0.380143013788484 51.8135791738849, -0.380229786188913 51.8135827068293)), ((-0.380316700384172 51.8135863315818, -0.380309050785842 51.8136580719912, -0.380222278233268 51.813654539104, -0.380229786188913 51.8135827068293, -0.380316700384172 51.8135863315818)), ((-0.380403479258786 51.8135896846478, -0.380395974799709 51.8136614270607, -0.380309050785842 51.8136580719912, -0.380316700384172 51.8135863315818, -0.380403479258786 51.8135896846478)), ((-0.380490399927919 51.8135931295217, -0.380482747381953 51.8136649598199, -0.380395974799709 51.8136614270607, -0.380403479258786 51.8135896846478, -0.380490399927919 51.8135931295217)), ((-0.380577172388031 51.8135966622102, -0.380569519979194 51.8136684925152, -0.380482747381953 51.8136649598199, -0.380490399927919 51.8135931295217, -0.380577172388031 51.8135966622102)), ((-0.379719964008269 51.8134542032322, -0.379712458491924 51.813525945594, -0.379625683025891 51.8135225021442, -0.379633043677713 51.8134507577914, -0.379719964008269 51.8134542032322)), ((-0.37980659435041 51.813457644614, -0.379799230749419 51.8135294788551, -0.379712458491924 51.813525945594, -0.379719964008269 51.8134542032322, -0.37980659435041 51.813457644614)), ((-0.379893514710312 51.8134610899267, -0.379886151246738 51.8135329241743, -0.379799230749419 51.8135294788551, -0.37980659435041 51.813457644614, -0.379893514710312 51.8134610899267)), ((-0.379980435084903 51.8134645351752, -0.379972926756927 51.8135363674322, -0.379886151246738 51.8135329241743, -0.379893514710312 51.8134610899267, -0.379980435084903 51.8134645351752)), ((-0.380067204027273 51.813468158113, -0.38005984406093 51.8135399024985, -0.379972926756927 51.8135363674322, -0.379980435084903 51.8134645351752, -0.380067204027273 51.813468158113)), ((-0.380154124431571 51.8134716032333, -0.380146619600619 51.8135433456285, -0.38005984406093 51.8135399024985, -0.380067204027273 51.813468158113, -0.380154124431571 51.8134716032333)), ((-0.380241044850558 51.8134750482895, -0.380233391932631 51.8135468785697, -0.380146619600619 51.8135433456285, -0.380154124431571 51.8134716032333, -0.380241044850558 51.8134750482895)), ((-0.380327672058783 51.8134785791632, -0.380320309281528 51.8135504134437, -0.380233391932631 51.8135468785697, -0.380241044850558 51.8134750482895, -0.380327672058783 51.8134785791632)), ((-0.380414589285321 51.8134821139666, -0.380407229867446 51.8135538583784, -0.380320309281528 51.8135504134437, -0.380327672058783 51.8134785791632, -0.380414589285321 51.8134821139666)), ((-0.380501367968783 51.8134854669588, -0.380494008687945 51.8135572113772, -0.380407229867446 51.8135538583784, -0.380414589285321 51.8134821139666, -0.380501367968783 51.8134854669588)), ((-0.380588285225023 51.813489001634, -0.380580922859764 51.8135608359342, -0.380494008687945 51.8135572113772, -0.380501367968783 51.8134854669588, -0.380588285225023 51.813489001634)), ((-0.379731075620509 51.8133466326268, -0.379723715144889 51.8134183769884, -0.379636798106363 51.8134148416757, -0.379644306943856 51.8133430094432, -0.379731075620509 51.8133466326268)), ((-0.379817995759987 51.8133500779935, -0.379810638644768 51.8134217324865, -0.379723715144889 51.8134183769884, -0.379731075620509 51.8133466326268, -0.379817995759987 51.8133500779935)), ((-0.379904919137119 51.8133534334209, -0.379897268933096 51.813425173801, -0.379810638644768 51.8134217324865, -0.379817995759987 51.8133500779935, -0.379904919137119 51.8133534334209)), ((-0.379991546080527 51.8133569645401, -0.37998418279336 51.8134287987966, -0.379897268933096 51.813425173801, -0.379904919137119 51.8133534334209, -0.379991546080527 51.8133569645401)), ((-0.380078608042683 51.8133605015869, -0.380070958112797 51.8134322419805, -0.37998418279336 51.8134287987966, -0.379991546080527 51.8133569645401, -0.380078608042683 51.8133605015869)), ((-0.380165383239796 51.8133639447002, -0.380157878448397 51.8134356870976, -0.380070958112797 51.8134322419805, -0.380078608042683 51.8133605015869, -0.380165383239796 51.8133639447002)), ((-0.380252300230585 51.8133674796216, -0.380244795576388 51.8134392220257, -0.380157878448397 51.8134356870976, -0.380165383239796 51.8133639447002, -0.380252300230585 51.8133674796216)), ((-0.38033922045851 51.8133709246037, -0.380331422716327 51.8134427528961, -0.380244795576388 51.8134392220257, -0.380252300230585 51.8133674796216, -0.38033922045851 51.8133709246037)), ((-0.380425850698462 51.8133743655282, -0.380418343096302 51.8134461978209, -0.380331422716327 51.8134427528961, -0.38033922045851 51.8133709246037, -0.380425850698462 51.8133743655282)), ((-0.38051276773397 51.8133779002574, -0.380505263490966 51.8134496426815, -0.380418343096302 51.8134461978209, -0.380425850698462 51.8133743655282, -0.38051276773397 51.8133779002574)), ((-0.380599688006096 51.8133813450472, -0.380592038898721 51.8134530854816, -0.380505263490966 51.8134496426815, -0.38051276773397 51.8133779002574, -0.380599688006096 51.8133813450472)), ((-0.379742483622397 51.8132388862625, -0.379734829960792 51.8133107165066, -0.37964805812923 51.8133071832015, -0.379655563703685 51.8132354408418, -0.379742483622397 51.8132388862625)), ((-0.379829255331833 51.8132424194969, -0.379821750031572 51.81331416187, -0.379734829960792 51.8133107165066, -0.379742483622397 51.8132388862625, -0.379829255331833 51.8132424194969)), ((-0.379916175280079 51.8132458647895, -0.379908673339994 51.813317517294, -0.379821750031572 51.81331416187, -0.379829255331833 51.8132424194969, -0.379916175280079 51.8132458647895)), ((-0.380003095243015 51.8132493100179, -0.379995300214945 51.8133210484099, -0.379908673339994 51.813317517294, -0.379916175280079 51.8132458647895, -0.380003095243015 51.8132493100179)), ((-0.38008986699714 51.8132528430603, -0.380082213884545 51.8133246733315, -0.379995300214945 51.8133210484099, -0.380003095243015 51.8132493100179, -0.38008986699714 51.8132528430603)), ((-0.380176641988676 51.8132562861636, -0.380169137236828 51.8133280285633, -0.380082213884545 51.8133246733315, -0.38008986699714 51.8132528430603, -0.380176641988676 51.8132562861636)), ((-0.380263558773577 51.813259821075, -0.38025590915775 51.8133315614845, -0.380169137236828 51.8133280285633, -0.380176641988676 51.8132562861636, -0.380263558773577 51.813259821075)), ((-0.380350330572543 51.8132633539255, -0.380342826094868 51.8133350963385, -0.38025590915775 51.8133315614845, -0.380263558773577 51.813259821075, -0.380350330572543 51.8132633539255)), ((-0.380437250609387 51.8132667988335, -0.380429601267721 51.8133385392565, -0.380342826094868 51.8133350963385, -0.380350330572543 51.8132633539255, -0.380437250609387 51.8132667988335)), ((-0.380524028881639 51.8132701518055, -0.380516376455228 51.8133419821106, -0.380429601267721 51.8133385392565, -0.380437250609387 51.8132667988335, -0.380524028881639 51.8132701518055)), ((-0.380610797503548 51.8132737743394, -0.380603293437064 51.8133455167724, -0.380516376455228 51.8133419821106, -0.380524028881639 51.8132701518055, -0.380610797503548 51.8132737743394)), ((-0.379753595116692 51.8131313156503, -0.379746089718764 51.8132030580189, -0.379659318092744 51.8131995247238, -0.379666823627642 51.8131277823618, -0.379753595116692 51.8131313156503)), ((-0.379840373066874 51.8131346691243, -0.379833154584371 51.8132065053697, -0.379746089718764 51.8132030580189, -0.379753595116692 51.8131313156503, -0.379840373066874 51.8131346691243)), ((-0.379927147808474 51.8131381124097, -0.37991992946317 51.8132099486615, -0.379833154584371 51.8132065053697, -0.379840373066874 51.8131346691243, -0.379927147808474 51.8131381124097)), ((-0.380014061119838 51.8131417373787, -0.380006849357408 51.8132133938866, -0.37991992946317 51.8132099486615, -0.379927147808474 51.8131381124097, -0.380014061119838 51.8131417373787)), ((-0.380100980891679 51.8131451825332, -0.380093621042961 51.8132169269256, -0.380006849357408 51.8132133938866, -0.380014061119838 51.8131417373787, -0.380100980891679 51.8131451825332)), ((-0.380187755677621 51.8131486256266, -0.380180392743515 51.8132204599007, -0.380093621042961 51.8132169269256, -0.380100980891679 51.8131451825332, -0.380187755677621 51.8131486256266)), ((-0.380274527256011 51.8131521585312, -0.380267312682129 51.8132239049336, -0.380180392743515 51.8132204599007, -0.380187755677621 51.8131486256266, -0.380274527256011 51.8131521585312)), ((-0.380361443850024 51.8131556933687, -0.380354084412523 51.8132274377808, -0.380267312682129 51.8132239049336, -0.380274527256011 51.8131521585312, -0.380361443850024 51.8131556933687)), ((-0.380448221902148 51.8131590463949, -0.38044100438067 51.8132308826854, -0.380354084412523 51.8132274377808, -0.380361443850024 51.8131556933687, -0.380448221902148 51.8131590463949)), ((-0.380535138525864 51.8131625811042, -0.380527924363503 51.8132343275259, -0.38044100438067 51.8132308826854, -0.380448221902148 51.8131590463949, -0.380535138525864 51.8131625811042)), ((-0.380621913385451 51.8131660238776, -0.380614696138581 51.8132378601811, -0.380527924363503 51.8132343275259, -0.380535138525864 51.8131625811042, -0.380621913385451 51.8131660238776)), ((-0.378710003353883 51.8135218427092, -0.378702499446749 51.8135934951168, -0.378615723944745 51.8135900509212, -0.378623231214234 51.8135183086451, -0.378710003353883 51.8135218427092)), ((-0.378796778733721 51.8135252868342, -0.378789413514919 51.8135971209975, -0.378702499446749 51.8135934951168, -0.378710003353883 51.8135218427092, -0.378796778733721 51.8135252868342)), ((-0.378883699129936 51.8135287328939, -0.378876334048548 51.8136005670637, -0.378789413514919 51.8135971209975, -0.378796778733721 51.8135252868342, -0.378883699129936 51.8135287328939)), ((-0.378970616316002 51.8135322687646, -0.378963112819775 51.8136039211922, -0.378876334048548 51.8136005670637, -0.378883699129936 51.8135287328939, -0.378970616316002 51.8135322687646)), ((-0.379057391740026 51.8135357126976, -0.379049885155929 51.813607455007, -0.378963112819775 51.8136039211922, -0.378970616316002 51.8135322687646, -0.379057391740026 51.8135357126976)), ((-0.379144163954211 51.8135392464418, -0.379136799284563 51.8136110806314, -0.379049885155929 51.813607455007, -0.379057391740026 51.8135357126976, -0.379144163954211 51.8135392464418)), ((-0.379231084409507 51.8135426922452, -0.379223578099609 51.8136144345679, -0.379136799284563 51.8136110806314, -0.379144163954211 51.8135392464418, -0.379231084409507 51.8135426922452)), ((-0.379318004879497 51.8135461379843, -0.379310495482649 51.8136179701889, -0.379223578099609 51.8136144345679, -0.379231084409507 51.8135426922452, -0.379318004879497 51.8135461379843)), ((-0.379404922140198 51.8135496735345, -0.379397271102679 51.8136214138727, -0.379310495482649 51.8136179701889, -0.379318004879497 51.8135461379843, -0.379404922140198 51.8135496735345)), ((-0.379491700861715 51.8135530272723, -0.379484194963266 51.8136247696151, -0.379397271102679 51.8136214138727, -0.379404922140198 51.8135496735345, -0.379491700861715 51.8135530272723)), ((-0.379578618152128 51.8135565626943, -0.379570964165137 51.8136283929212, -0.379484194963266 51.8136247696151, -0.379491700861715 51.8135530272723, -0.379578618152128 51.8135565626943)), ((-0.378721265615874 51.8134141843447, -0.378713613521359 51.8134859246309, -0.378626841450301 51.81348239057, -0.378634496907265 51.8134105604154, -0.378721265615874 51.8134141843447)), ((-0.378808037564983 51.8134177183348, -0.378800388832599 51.8134893687527, -0.378713613521359 51.8134859246309, -0.378721265615874 51.8134141843447, -0.378808037564983 51.8134177183348)), ((-0.378894815979056 51.8134210725108, -0.378887450936694 51.8134929066829, -0.378800388832599 51.8134893687527, -0.378808037564983 51.8134177183348, -0.378894815979056 51.8134210725108)), ((-0.378981736184023 51.8134245184964, -0.378974371279075 51.8134963526751, -0.378887450936694 51.8134929066829, -0.378894815979056 51.8134210725108, -0.378981736184023 51.8134245184964)), ((-0.379068649954413 51.8134281441682, -0.379061146634515 51.8134997966047, -0.378974371279075 51.8134963526751, -0.378981736184023 51.8134245184964, -0.379068649954413 51.8134281441682)), ((-0.379155425187688 51.8134315880272, -0.37914806378178 51.8135033323439, -0.379061146634515 51.8134997966047, -0.379068649954413 51.8134281441682, -0.379155425187688 51.8134315880272)), ((-0.379242345437063 51.8134350338205, -0.379234835942412 51.8135068660208, -0.37914806378178 51.8135033323439, -0.379155425187688 51.8134315880272, -0.379242345437063 51.8134350338205)), ((-0.379329117475552 51.8134385674268, -0.379321611342188 51.8135103097585, -0.379234835942412 51.8135068660208, -0.379242345437063 51.8134350338205, -0.379329117475552 51.8134385674268)), ((-0.379415895976936 51.8134419212188, -0.379408531758325 51.8135137554303, -0.379321611342188 51.8135103097585, -0.379329117475552 51.8134385674268, -0.379415895976936 51.8134419212188)), ((-0.379502813046577 51.813445456695, -0.379495307187434 51.8135171990401, -0.379408531758325 51.8135137554303, -0.379415895976936 51.8134419212188, -0.379502813046577 51.813445456695)), ((-0.379589585129744 51.8134489901094, -0.379582227632937 51.8135206445837, -0.379495307187434 51.8135171990401, -0.379502813046577 51.813445456695, -0.379589585129744 51.8134489901094)), ((-0.378732531043789 51.8133064361015, -0.378725020765116 51.813378268264, -0.378638248899583 51.8133747342132, -0.378645611088963 51.8133029899337, -0.378732531043789 51.8133064361015)), ((-0.378819299562066 51.8133100599568, -0.378811937646892 51.8133818042495, -0.378725020765116 51.813378268264, -0.378732531043789 51.8133064361015, -0.378819299562066 51.8133100599568)), ((-0.378906219546607 51.8133135059965, -0.378898715992387 51.813385158422, -0.378811937646892 51.8133818042495, -0.378819299562066 51.8133100599568, -0.378906219546607 51.8133135059965)), ((-0.378992852768528 51.8133168580999, -0.378985487902604 51.8133886922809, -0.378898715992387 51.813385158422, -0.378906219546607 51.8133135059965, -0.378992852768528 51.8133168580999)), ((-0.379079769557648 51.8133203938866, -0.379072404829115 51.8133922280742, -0.378985487902604 51.8133886922809, -0.378992852768528 51.8133168580999, -0.379079769557648 51.8133203938866)), ((-0.379166686361806 51.8133239296092, -0.379159183218259 51.8133955820547, -0.379072404829115 51.8133922280742, -0.379079769557648 51.8133203938866, -0.379166686361806 51.8133239296092)), ((-0.379253461404162 51.8133273733943, -0.379246100174482 51.8133991177198, -0.379159183218259 51.8133955820547, -0.379166686361806 51.8133239296092, -0.379253461404162 51.8133273733943)), ((-0.379340378238204 51.8133309089887, -0.379333017145743 51.8134026533208, -0.379246100174482 51.8133991177198, -0.379253461404162 51.8133273733943, -0.379340378238204 51.8133309089887)), ((-0.379427298311194 51.8133343546438, -0.379419647353255 51.8134060949866, -0.379333017145743 51.8134026533208, -0.379340378238204 51.8133309089887, -0.379427298311194 51.8133343546438)), ((-0.37951393162032 51.8133377063639, -0.379506567578144 51.8134095405843, -0.379419647353255 51.8134060949866, -0.379427298311194 51.8133343546438, -0.37951393162032 51.8133377063639)), ((-0.379600845275351 51.8133413316413, -0.379593484594133 51.8134130759931, -0.379506567578144 51.8134095405843, -0.37951393162032 51.8133377063639, -0.379600845275351 51.8133413316413)), ((-0.378743789961757 51.8131988676053, -0.37873628294794 51.8132706098949, -0.37864936628709 51.8132670738552, -0.378656873438106 51.8131953315723, -0.378743789961757 51.8131988676053)), ((-0.378830709725529 51.8132023136989, -0.378823054622935 51.8132741438717, -0.37873628294794 51.8132706098949, -0.378743789961757 51.8131988676053, -0.378830709725529 51.8132023136989)), ((-0.378917481278403 51.813205847605, -0.378909974538779 51.813277589908, -0.378823054622935 51.8132741438717, -0.378830709725529 51.8132023136989, -0.378917481278403 51.813205847605)), ((-0.379004401071717 51.8132092935705, -0.378996897694077 51.813280946005, -0.378909974538779 51.813277589908, -0.378917481278403 51.813205847605, -0.379004401071717 51.8132092935705)), ((-0.379091320879723 51.8132127394718, -0.379083521188066 51.8132845676666, -0.378996897694077 51.813280946005, -0.379004401071717 51.8132092935705, -0.379091320879723 51.8132127394718)), ((-0.379177950700957 51.8132161813125, -0.379170441148126 51.8132880135107, -0.379083521188066 51.8132845676666, -0.379091320879723 51.8132127394718, -0.379177950700957 51.8132161813125)), ((-0.379264864089872 51.8132198068361, -0.379257361122879 51.8132914592906, -0.379170441148126 51.8132880135107, -0.379177950700957 51.8132161813125, -0.379264864089872 51.8132198068361)), ((-0.379351638941498 51.8132232505472, -0.379344132887254 51.8132949928836, -0.379257361122879 51.8132914592906, -0.379264864089872 51.8132198068361, -0.379351638941498 51.8132232505472)), ((-0.379438558808567 51.8132266961923, -0.379431052891546 51.8132984385353, -0.379344132887254 51.8132949928836, -0.379351638941498 51.8132232505472, -0.379438558808567 51.8132266961923)), ((-0.379525478690326 51.8132301417732, -0.379517682908464 51.8133018801273, -0.379431052891546 51.8132984385353, -0.379438558808567 51.8132266961923, -0.379525478690326 51.8132301417732)), ((-0.379612253585957 51.8132335852923, -0.379604599718549 51.8133054155261, -0.379517682908464 51.8133018801273, -0.379525478690326 51.8132301417732, -0.379612253585957 51.8132335852923)), ((-0.378755052045649 51.8130912092304, -0.378747400070867 51.8131629495236, -0.378660773616948 51.8131594174915, -0.378668135727883 51.8130876732075, -0.378755052045649 51.8130912092304)), ((-0.378841678377815 51.8130947411919, -0.378834316540853 51.8131664854891, -0.378747400070867 51.8131629495236, -0.378755052045649 51.8130912092304, -0.378841678377815 51.8130947411919)), ((-0.378928601175375 51.8130980973365, -0.37892109125021 51.8131699295169, -0.378834316540853 51.8131664854891, -0.378841678377815 51.8130947411919, -0.378928601175375 51.8130980973365)), ((-0.379015372537522 51.8131016311688, -0.379008010974809 51.8131733754791, -0.37892109125021 51.8131699295169, -0.378928601175375 51.8130980973365, -0.379015372537522 51.8131016311688)), ((-0.379102288915044 51.8131051669354, -0.3790949307141 51.8131768213772, -0.379008010974809 51.8131733754791, -0.379015372537522 51.8131016311688, -0.379102288915044 51.8131051669354)), ((-0.37918921175632 51.8131085228876, -0.379181702243085 51.8131803550881, -0.3790949307141 51.8131768213772, -0.379102288915044 51.8131051669354, -0.37918921175632 51.8131085228876)), ((-0.379275983163165 51.8131120565279, -0.379268473787072 51.813183888735, -0.379181702243085 51.8131803550881, -0.37918921175632 51.8131085228876, -0.379275983163165 51.8131120565279)), ((-0.379362751360998 51.8131156799795, -0.379355393570751 51.8131873344409, -0.379268473787072 51.813183888735, -0.379275983163165 51.8131120565279, -0.379362751360998 51.8131156799795)), ((-0.379449674246142 51.8131190357394, -0.379442168368452 51.8131907780847, -0.379355393570751 51.8131873344409, -0.379362751360998 51.8131156799795, -0.379449674246142 51.8131190357394)), ((-0.379536448921506 51.8131224793127, -0.379529088181496 51.8131942236624, -0.379442168368452 51.8131907780847, -0.379449674246142 51.8131190357394, -0.379536448921506 51.8131224793127)), ((-0.379623365388505 51.8131260146948, -0.379615859785006 51.8131977570534, -0.379529088181496 51.8131942236624, -0.379536448921506 51.8131224793127, -0.379623365388505 51.8131260146948)), ((-0.379776114375472 51.81291599866, -0.379768754056696 51.8129877430307, -0.379681837841714 51.8129842077581, -0.3796893432975 51.8129124653915, -0.379776114375472 51.81291599866)), ((-0.379863033691269 51.8129194439866, -0.379855528509672 51.8129911863665, -0.379768754056696 51.8129877430307, -0.379776114375472 51.81291599866, -0.379863033691269 51.8129194439866)), ((-0.379949808021908 51.8129228872519, -0.379942451200228 51.8129945417605, -0.379855528509672 51.8129911863665, -0.379863033691269 51.8129194439866, -0.379949808021908 51.8129228872519)), ((-0.380036727367068 51.8129263324503, -0.380029219237009 51.8129981647188, -0.379942451200228 51.8129945417605, -0.379949808021908 51.8129228872519, -0.380036727367068 51.8129263324503)), ((-0.380123498504554 51.8129298654628, -0.380115990511636 51.813001697738, -0.380029219237009 51.8129981647188, -0.380036727367068 51.8129263324503, -0.380123498504554 51.8129298654628)), ((-0.380210269657038 51.8129333984114, -0.380202913246052 51.8130050529397, -0.380115990511636 51.813001697738, -0.380123498504554 51.8129298654628, -0.380210269657038 51.8129333984114)), ((-0.380297189046573 51.8129368434177, -0.380289829550496 51.8130085878277, -0.380202913246052 51.8130050529397, -0.380210269657038 51.8129333984114, -0.380297189046573 51.8129368434177)), ((-0.380384108450796 51.8129402883598, -0.380376600869807 51.8130121206549, -0.380289829550496 51.8130085878277, -0.380297189046573 51.8129368434177, -0.380384108450796 51.8129402883598)), ((-0.380470882869754 51.8129437312411, -0.380463523647926 51.8130154756643, -0.380376600869807 51.8130121206549, -0.380384108450796 51.8129402883598, -0.380470882869754 51.8129437312411)), ((-0.380557799081718 51.8129472659302, -0.380550149996706 51.813019006367, -0.380463523647926 51.8130154756643, -0.380470882869754 51.8129437312411, -0.380557799081718 51.8129472659302)), ((-0.380644425308738 51.8129507965625, -0.380637066360882 51.8130225409988, -0.380550149996706 51.813019006367, -0.380557799081718 51.8129472659302, -0.380644425308738 51.8129507965625)), ((-0.379787518915304 51.8128083421571, -0.379779723636875 51.8128800805377, -0.379692949404162 51.8128766371477, -0.379700603043402 51.8128048069012, -0.379787518915304 51.8128083421571)), ((-0.379874148026231 51.812811783479, -0.379866642883959 51.8128835258611, -0.379779723636875 51.8128800805377, -0.379787518915304 51.8128083421571, -0.379874148026231 51.812811783479)), ((-0.379961067150783 51.8128152287316, -0.379953562145732 51.8128869711204, -0.379866642883959 51.8128835258611, -0.379874148026231 51.812811783479, -0.379961067150783 51.8128152287316)), ((-0.380047838067888 51.8128187617981, -0.380040336422444 51.8128904143184, -0.379953562145732 51.8128869711204, -0.379961067150783 51.8128152287316, -0.380047838067888 51.8128187617981)), ((-0.380134757221974 51.8128222069225, -0.380127249268642 51.8128940391999, -0.380040336422444 51.8128904143184, -0.380047838067888 51.8128187617981, -0.380134757221974 51.8128222069225)), ((-0.380221676390747 51.8128256519828, -0.380213878575239 51.812897480273, -0.380127249268642 51.8128940391999, -0.380134757221974 51.8128222069225, -0.380221676390747 51.8128256519828)), ((-0.380308299130864 51.8128292727357, -0.38030079789606 51.812900925276, -0.380213878575239 51.812897480273, -0.380221676390747 51.8128256519828, -0.380308299130864 51.8128292727357)), ((-0.380395221551252 51.8128326277927, -0.380387717231569 51.8129043702149, -0.38030079789606 51.812900925276, -0.380308299130864 51.8128292727357, -0.380395221551252 51.8128326277927)), ((-0.380482140764227 51.8128360726607, -0.380474488360149 51.8129079029682, -0.380387717231569 51.8129043702149, -0.380395221551252 51.8128326277927, -0.380482140764227 51.8128360726607)), ((-0.380568911770682 51.8128396053434, -0.380561407725188 51.8129113477789, -0.380474488360149 51.8129079029682, -0.380482140764227 51.8128360726607, -0.380568911770682 51.8128396053434)), ((-0.380655827791776 51.8128431399585, -0.380648323883479 51.8129148824007, -0.380561407725188 51.8129113477789, -0.380568911770682 51.8128396053434, -0.380655827791776 51.8128431399585)), ((-0.379798633396851 51.8127006816559, -0.379791269933373 51.8127725159064, -0.379704357353278 51.8127688907786, -0.379711717730848 51.81269714641, -0.379798633396851 51.8127006816559)), ((-0.379885552300815 51.8127041269626, -0.379877902198956 51.8127758673497, -0.379791269933373 51.8127725159064, -0.379798633396851 51.8127006816559, -0.379885552300815 51.8127041269626)), ((-0.379972181221153 51.8127075682106, -0.379964821254813 51.8127793125989, -0.379877902198956 51.8127758673497, -0.379885552300815 51.8127041269626, -0.379972181221153 51.8127075682106)), ((-0.380059096931879 51.8127111032643, -0.380051737102752 51.8127828476593, -0.379964821254813 51.8127793125989, -0.379972181221153 51.8127075682106, -0.380059096931879 51.8127111032643)), ((-0.380146012657639 51.812714638254, -0.380138511188737 51.8127862907832, -0.380051737102752 51.8127828476593, -0.380059096931879 51.8127111032643, -0.380146012657639 51.812714638254)), ((-0.380232789843696 51.8127179914321, -0.380225427066553 51.8127898257154, -0.380138511188737 51.8127862907832, -0.380146012657639 51.812714638254, -0.380232789843696 51.8127179914321)), ((-0.380319705599159 51.8127215262935, -0.380312342959403 51.8127933605834, -0.380225427066553 51.8127898257154, -0.380232789843696 51.8127179914321, -0.380319705599159 51.8127215262935)), ((-0.380406476370409 51.8127250590941, -0.380398975312167 51.8127967116434, -0.380312342959403 51.8127933605834, -0.380319705599159 51.8127215262935, -0.380406476370409 51.8127250590941)), ((-0.380493253600099 51.8127284120803, -0.380485894456446 51.8128001565081, -0.380398975312167 51.8127967116434, -0.380406476370409 51.8127250590941, -0.380493253600099 51.8127284120803)), ((-0.380580169400278 51.8127319467495, -0.380572662172759 51.8128037790626, -0.380485894456446 51.8128001565081, -0.380493253600099 51.8127284120803, -0.380580169400278 51.8127319467495)), ((-0.380666940216192 51.8127354793583, -0.380659581346739 51.8128072237991, -0.380572662172759 51.8128037790626, -0.380580169400278 51.8127319467495, -0.380666940216192 51.8127354793583)), ((-0.379809892818517 51.8125930231488, -0.379802387618363 51.8126647655289, -0.379715617020035 51.8126612322838, -0.379722974135156 51.812589577788, -0.379809892818517 51.8125930231488)), ((-0.379896666517771 51.812596466448, -0.379889303230717 51.8126683007073, -0.379802387618363 51.8126647655289, -0.379809892818517 51.8125930231488, -0.379896666517771 51.812596466448)), ((-0.379983585230493 51.8125999116806, -0.379976080304547 51.812671654074, -0.379889303230717 51.8126683007073, -0.379896666517771 51.812596466448, -0.379983585230493 51.8125999116806)), ((-0.380070358959073 51.8126033548519, -0.380062850947546 51.8126751871272, -0.379976080304547 51.812671654074, -0.379983585230493 51.8125999116806, -0.380070358959073 51.8126033548519)), ((-0.380157129479932 51.8126068878345, -0.380149769827019 51.8126786322383, -0.380062850947546 51.8126751871272, -0.380070358959073 51.8126033548519, -0.380157129479932 51.8126068878345)), ((-0.380244045014655 51.8126104227501, -0.380236543722085 51.8126820752883, -0.380149769827019 51.8126786322383, -0.380157129479932 51.8126068878345, -0.380244045014655 51.8126104227501)), ((-0.380330818787557 51.8126138657295, -0.38032345618681 51.8126857000216, -0.380236543722085 51.8126820752883, -0.380244045014655 51.8126104227501, -0.380330818787557 51.8126138657295)), ((-0.380417737574013 51.8126173106416, -0.380410375110675 51.8126891449404, -0.38032345618681 51.8126857000216, -0.380330818787557 51.8126138657295, -0.380417737574013 51.8126173106416)), ((-0.380504798152388 51.8126208473615, -0.380497152271789 51.8126924979231, -0.380410375110675 51.8126891449404, -0.380417737574013 51.8126173106416, -0.380504798152388 51.8126208473615)), ((-0.380591571969472 51.8126242901487, -0.380583923004137 51.8126960305924, -0.380497152271789 51.8126924979231, -0.380504798152388 51.8126208473615, -0.380591571969472 51.8126242901487)), ((-0.380678342579867 51.8126278227474, -0.380670690530116 51.8126996530731, -0.380583923004137 51.8126960305924, -0.380591571969472 51.8126242901487, -0.380678342579867 51.8126278227474)), ((-0.379821003959371 51.812485452516, -0.379813498798518 51.8125571948983, -0.379726583406923 51.8125536596656, -0.37973423692659 51.8124818294122, -0.379821003959371 51.812485452516)), ((-0.37990792567452 51.8124888079274, -0.379900275652227 51.8125605483192, -0.379813498798518 51.8125571948983, -0.379821003959371 51.812485452516, -0.37990792567452 51.8124888079274)), ((-0.379994699182861 51.8124922511528, -0.379987191073528 51.8125640834237, -0.379900275652227 51.8125605483192, -0.37990792567452 51.8124888079274, -0.379994699182861 51.8124922511528)), ((-0.380081614481828 51.8124957861865, -0.380074109732399 51.8125675285889, -0.379987191073528 51.8125640834237, -0.379994699182861 51.8124922511528, -0.380081614481828 51.8124957861865)), ((-0.380168391242006 51.8124991394087, -0.380161028405958 51.8125709736899, -0.380074109732399 51.8125675285889, -0.380081614481828 51.8124957861865, -0.380168391242006 51.8124991394087)), ((-0.380255303348509 51.8125027641894, -0.380247798873263 51.8125745066052, -0.380161028405958 51.8125709736899, -0.380168391242006 51.8124991394087, -0.380255303348509 51.8125027641894)), ((-0.380342073693846 51.8125062970341, -0.380334572577585 51.8125779495813, -0.380247798873263 51.8125745066052, -0.380255303348509 51.8125027641894, -0.380342073693846 51.8125062970341)), ((-0.380428850497827 51.8125096500643, -0.380421488073498 51.8125814843653, -0.380334572577585 51.8125779495813, -0.380342073693846 51.8125062970341, -0.380428850497827 51.8125096500643)), ((-0.380515769093039 51.8125130949024, -0.380508406806118 51.81258492921, -0.380421488073498 51.8125814843653, -0.380428850497827 51.8125096500643, -0.380515769093039 51.8125130949024)), ((-0.38060268125998 51.8125167194269, -0.380595180554604 51.812588371994, -0.380508406806118 51.81258492921, -0.380515769093039 51.8125130949024, -0.38060268125998 51.8125167194269)), ((-0.380689454886301 51.8125201621403, -0.380681951096413 51.8125919045894, -0.380595180554604 51.812588371994, -0.38060268125998 51.8125167194269, -0.380689454886301 51.8125201621403)), ((-0.378777286036112 51.8128758884729, -0.378770069140217 51.8129476347668, -0.378683294871497 51.8129441906312, -0.378690515129741 51.8128723544686, -0.378777286036112 51.8128758884729)), ((-0.378864205182095 51.8128793345367, -0.378856985198453 51.8129511707122, -0.378770069140217 51.8129476347668, -0.378777286036112 51.8128758884729, -0.378864205182095 51.8128793345367)), ((-0.378951124342771 51.8128827805364, -0.378943762721509 51.8129545248447, -0.378856985198453 51.8129511707122, -0.378864205182095 51.8128793345367, -0.378951124342771 51.8128827805364)), ((-0.379037895293842 51.8128863143487, -0.379030678809459 51.8129580606619, -0.378943762721509 51.8129545248447, -0.378951124342771 51.8128827805364, -0.379037895293842 51.8128863143487)), ((-0.379124814484059 51.8128897602201, -0.379117449912535 51.8129615944168, -0.379030678809459 51.8129580606619, -0.379037895293842 51.8128863143487, -0.379124814484059 51.8128897602201)), ((-0.37921158546498 51.8128932939045, -0.379204224254926 51.8129650382325, -0.379117449912535 51.8129615944168, -0.379124814484059 51.8128897602201, -0.37921158546498 51.8128932939045)), ((-0.379298356460902 51.8128968275249, -0.37929114361192 51.8129684839823, -0.379204224254926 51.8129650382325, -0.37921158546498 51.8128932939045, -0.379298356460902 51.8128968275249)), ((-0.379385275695505 51.8129002732041, -0.379378056535671 51.8129721094184, -0.37929114361192 51.8129684839823, -0.379298356460902 51.8128968275249, -0.379385275695505 51.8129002732041)), ((-0.379472049945048 51.8129037168214, -0.379464830922412 51.8129755530421, -0.379378056535671 51.8129721094184, -0.379385275695505 51.8129002732041, -0.379472049945048 51.8129037168214)), ((-0.379559114208784 51.8129071643702, -0.379551608547432 51.8129789067267, -0.379464830922412 51.8129755530421, -0.379472049945048 51.8129037168214, -0.379559114208784 51.8129071643702)), ((-0.379645885264247 51.8129106977345, -0.379638379739862 51.8129824400978, -0.379551608547432 51.8129789067267, -0.379559114208784 51.8129071643702, -0.379645885264247 51.8129106977345)), ((-0.378788837941134 51.8127682340851, -0.378781182860942 51.8128400642604, -0.378694415248261 51.8128364403844, -0.378701922241013 51.8127646980923, -0.378788837941134 51.8127682340851)), ((-0.378875611881951 51.8127716781401, -0.37886796016387 51.812843418447, -0.378781182860942 51.8128400642604, -0.378788837941134 51.8127682340851, -0.378875611881951 51.8127716781401)), ((-0.378962385837426 51.8127751221312, -0.37895487925585 51.8128468644433, -0.37886796016387 51.812843418447, -0.378875611881951 51.8127716781401, -0.378962385837426 51.8127751221312)), ((-0.379049301582281 51.8127786579318, -0.379041650138352 51.8128503982523, -0.37895487925585 51.8128468644433, -0.378962385837426 51.8127751221312, -0.379049301582281 51.8127786579318)), ((-0.379136072342836 51.8127821916701, -0.379128566035423 51.8128539339956, -0.379041650138352 51.8128503982523, -0.379049301582281 51.8127786579318, -0.379136072342836 51.8127821916701)), ((-0.379222994566254 51.8127855475922, -0.379215340172223 51.8128573778014, -0.379128566035423 51.8128539339956, -0.379136072342836 51.8127821916701, -0.379222994566254 51.8127855475922)), ((-0.379309907131776 51.8127891730757, -0.379302111099576 51.8128609114185, -0.379215340172223 51.8128573778014, -0.379222994566254 51.8127855475922, -0.379309907131776 51.8127891730757)), ((-0.379396532937809 51.8127927046241, -0.379389030265482 51.8128643570944, -0.379302111099576 51.8128609114185, -0.379309907131776 51.8127891730757, -0.379396532937809 51.8127927046241)), ((-0.379483455205096 51.812796060354, -0.379475949446079 51.8128678027061, -0.379389030265482 51.8128643570944, -0.379396532937809 51.8127927046241, -0.379483455205096 51.812796060354)), ((-0.379570374263164 51.8127995058949, -0.379562720418127 51.8128713361312, -0.379475949446079 51.8128678027061, -0.379483455205096 51.812796060354, -0.379570374263164 51.8127995058949)), ((-0.379657145113089 51.8128030392492, -0.379649639628261 51.8128747816148, -0.379562720418127 51.8128713361312, -0.379570374263164 51.8127995058949, -0.379657145113089 51.8128030392492)), ((-0.378799954788644 51.8126605736979, -0.378792447972422 51.8127323159989, -0.378705529115727 51.8127288698845, -0.378713181068073 51.8126571295888, -0.378799954788644 51.8126605736979)), ((-0.378886873522814 51.8126640197415, -0.37887936361888 51.8127358519244, -0.378792447972422 51.8127323159989, -0.378799954788644 51.8126605736979, -0.378886873522814 51.8126640197415)), ((-0.378973792271678 51.812667465721, -0.378965992506759 51.8127392939137, -0.37887936361888 51.8127358519244, -0.378886873522814 51.8126640197415, -0.378973792271678 51.812667465721)), ((-0.379060417812719 51.8126709975148, -0.379052911407672 51.8127427398359, -0.378965992506759 51.8127392939137, -0.378973792271678 51.812667465721, -0.379060417812719 51.8126709975148)), ((-0.379147333366714 51.8126745332414, -0.379139827098862 51.8127462755692, -0.379052911407672 51.8127427398359, -0.379060417812719 51.8126709975148, -0.379147333366714 51.8126745332414)), ((-0.379234252159964 51.8126779790287, -0.379226601030092 51.812749719365, -0.379139827098862 51.8127462755692, -0.379147333366714 51.8126745332414, -0.379234252159964 51.8126779790287)), ((-0.37932102596888 51.8126814227538, -0.379313661750423 51.8127532569682, -0.379226601030092 51.812749719365, -0.379234252159964 51.8126779790287, -0.37932102596888 51.8126814227538)), ((-0.379407938343747 51.8126850481633, -0.379400287488 51.8127567885132, -0.379313661750423 51.8127532569682, -0.37932102596888 51.8126814227538, -0.379407938343747 51.8126850481633)), ((-0.379494567183274 51.8126884897626, -0.37948720968658 51.8127601442397, -0.379400287488 51.8127567885132, -0.379407938343747 51.8126850481633, -0.379494567183274 51.8126884897626)), ((-0.379581489259113 51.8126918454185, -0.379574128675953 51.8127635897773, -0.37948720968658 51.8127601442397, -0.379494567183274 51.8126884897626, -0.379581489259113 51.8126918454185)), ((-0.379668404902581 51.8126953807605, -0.379660896233927 51.8127672130035, -0.379574128675953 51.8127635897773, -0.379581489259113 51.8126918454185, -0.379668404902581 51.8126953807605)), ((-0.378811213351012 51.812553005181, -0.37880385157314 51.812624749483, -0.378716936147409 51.8126212135035, -0.378724301287712 51.8125493793329, -0.378811213351012 51.812553005181)), ((-0.378897990105719 51.8125563593409, -0.378890628464876 51.8126281036495, -0.37880385157314 51.812624749483, -0.378811213351012 51.812553005181, -0.378897990105719 51.8125563593409)), ((-0.378984908648652 51.8125598053105, -0.37897754392032 51.8126316395008, -0.378890628464876 51.8126281036495, -0.378897990105719 51.8125563593409, -0.378984908648652 51.8125598053105)), ((-0.379071823981749 51.8125633410911, -0.379064169393079 51.8126351712913, -0.37897754392032 51.8126316395008, -0.378984908648652 51.8125598053105, -0.379071823981749 51.8125633410911)), ((-0.379158594331234 51.8125668748093, -0.379151088102942 51.8126386171394, -0.379064169393079 51.8126351712913, -0.379071823981749 51.8125633410911, -0.379158594331234 51.8125668748093)), ((-0.379245367919906 51.8125703185885, -0.379238006827498 51.8126420629233, -0.379151088102942 51.8126386171394, -0.379158594331234 51.8125668748093, -0.379245367919906 51.8125703185885)), ((-0.379332283297905 51.8125738541769, -0.379324774119762 51.8126456863955, -0.379238006827498 51.8126420629233, -0.379245367919906 51.8125703185885, -0.379332283297905 51.8125738541769)), ((-0.37941905691608 51.8125772978281, -0.379411692874027 51.8126491320512, -0.379324774119762 51.8126456863955, -0.379332283297905 51.8125738541769, -0.37941905691608 51.8125772978281)), ((-0.379505975547629 51.8125807434131, -0.379498611642984 51.8126525776428, -0.379411692874027 51.8126491320512, -0.37941905691608 51.8125772978281, -0.379505975547629 51.8125807434131)), ((-0.379592745971638 51.8125842768115, -0.379585240428701 51.8126560191749, -0.379498611642984 51.8126525776428, -0.379505975547629 51.8125807434131, -0.379592745971638 51.8125842768115)), ((-0.379679519633969 51.8125877202708, -0.379672159227005 51.8126594646385, -0.379585240428701 51.8126560191749, -0.379592745971638 51.8125842768115, -0.379679519633969 51.8125877202708)), ((-0.378822478304108 51.8124452569103, -0.378814823343518 51.8125170870925, -0.378728053122146 51.8125135531215, -0.378735708219856 51.8124417229461, -0.378822478304108 51.8124452569103)), ((-0.378909248403365 51.8124487908106, -0.378901741803235 51.8125205331229, -0.378814823343518 51.8125170870925, -0.378822478304108 51.8124452569103, -0.378909248403365 51.8124487908106)), ((-0.378996169965225 51.812452146895, -0.378988518503837 51.8125238872155, -0.378901741803235 51.8125205331229, -0.378909248403365 51.8124487908106, -0.378996169965225 51.812452146895)), ((-0.379082940094158 51.8124556806672, -0.379075430543716 51.8125275128681, -0.378988518503837 51.8125238872155, -0.378996169965225 51.812452146895, -0.379082940094158 51.8124556806672)), ((-0.379169855236397 51.8124592163738, -0.379162200824787 51.8125310465831, -0.379075430543716 51.8125275128681, -0.379082940094158 51.8124556806672, -0.379169855236397 51.8124592163738)), ((-0.379256628619501 51.8124626601429, -0.379248977569206 51.8125344004839, -0.379162200824787 51.8125310465831, -0.379169855236397 51.8124592163738, -0.379256628619501 51.8124626601429)), ((-0.379343398793284 51.8124661937233, -0.379335892878505 51.812537936069, -0.379248977569206 51.8125344004839, -0.379256628619501 51.8124626601429, -0.379343398793284 51.8124661937233)), ((-0.379430313980425 51.8124697292377, -0.379422659980425 51.8125415594674, -0.379335892878505 51.812537936069, -0.379343398793284 51.8124661937233, -0.379430313980425 51.8124697292377)), ((-0.379517090631493 51.8124730829397, -0.379509581767262 51.812544915174, -0.379422659980425 51.8125415594674, -0.379430313980425 51.8124697292377, -0.379517090631493 51.8124730829397)), ((-0.379604009071801 51.8124765284507, -0.379596500344961 51.8125483606916, -0.379509581767262 51.812544915174, -0.379517090631493 51.8124730829397, -0.379604009071801 51.8124765284507)), ((-0.379690921080224 51.812480153648, -0.379683270715401 51.8125518940228, -0.379596500344961 51.8125483606916, -0.379604009071801 51.8124765284507, -0.379690921080224 51.812480153648)))"
324,2020/R/CS/757,120,"((-0.364937015079336 51.8033115934443, -0.364397339094176 51.8042688396188, -0.362795718683218 51.803921763393, -0.363335569085641 51.8029645267903, -0.364937015079336 51.8033115934443))"
325,2020/R/CS/758,120,"((-0.363014358634787 51.8032073359325, -0.362631513027743 51.8038862069689, -0.362383695885494 51.8038324912123, -0.362766544723964 51.8031536210051, -0.363014358634787 51.8032073359325))"
326,2020/R/CS/760,88,"((-0.366832718742599 51.8087413072326, -0.366618366860269 51.8090570961784, -0.366337568626838 51.8089838679318, -0.366551922101353 51.808668079508, -0.366832718742599 51.8087413072326))"
327,2020/R/CS/773,85,"((-0.375865792646557 51.8133455643478, -0.375840000473852 51.8136877120844, -0.375535661114369 51.813678923155, -0.375561455584177 51.8133367755042, -0.375865792646557 51.8133455643478))"
328,2020/R/CS/778,84,"((-0.37482990666355 51.8130892815925, -0.374804106839636 51.8134314290505, -0.374499769467396 51.8134226374557, -0.374525571588371 51.8130804900836, -0.37482990666355 51.8130892815925))"
329,2020/R/CS/781,105,"((-0.382145573815386 51.8154274281424, -0.382499808957552 51.8156273356552, -0.382023351931003 51.8159517762171, -0.381669109977623 51.8157520470263, -0.382145573815386 51.8154274281424))"
330,2020/R/CS/782,105,"((-0.382872587796194 51.8156335406032, -0.382974558028172 51.8156908724931, -0.382240676756381 51.8161909841862, -0.382138716011718 51.8161333820371, -0.382872587796194 51.8156335406032))"
331,2020/R/CS/785,105,"((-0.381560097491099 51.8158265290683, -0.382225360871274 51.8162013840312, -0.381632138033022 51.8166058638593, -0.380966886652991 51.8162306460551, -0.381560097491099 51.8158265290683))"
332,2020/R/CS/767,122,"(((-0.363743508987241 51.804736769662, -0.363695907713709 51.8048216211882, -0.363613727117017 51.8048039324848, -0.363661331778997 51.8047189911182, -0.363743508987241 51.804736769662)), ((-0.363839506002032 51.8047574380098, -0.363791901631221 51.8048423794506, -0.363709720957865 51.8048246908136, -0.363757325463023 51.8047397494071, -0.363839506002032 51.8047574380098)), ((-0.363838859214337 51.804566978686, -0.363791258305005 51.8046518302562, -0.363709077976781 51.8046341416213, -0.363756682274352 51.8045492002106, -0.363838859214337 51.804566978686)), ((-0.363934855915537 51.8045876469537, -0.363887251909133 51.8046725884385, -0.363805074758217 51.8046548099955, -0.363852675644997 51.8045699584195, -0.363934855915537 51.8045876469537)), ((-0.363934066994639 51.8043970957303, -0.363886463195548 51.8044820372191, -0.363804283135853 51.8044643486526, -0.363851887069288 51.8043794071979, -0.363934066994639 51.8043970957303)), ((-0.364030060128493 51.8044178537927, -0.363982459739821 51.8045027054469, -0.363900279603626 51.8044850169469, -0.363947883380137 51.8044000754523, -0.364030060128493 51.8044178537927)), ((-0.363359528331553 51.8046539157448, -0.363311923176321 51.8047388569858, -0.363229742885802 51.8047211680163, -0.363277348175379 51.8046362268095, -0.363359528331553 51.8046539157448)), ((-0.363167535285869 51.8046125781946, -0.36311978809988 51.8046974274633, -0.363037752934776 51.8046797403786, -0.363085358538094 51.8045947992517, -0.363167535285869 51.8046125781946)), ((-0.363262745677652 51.8044426958064, -0.363215140572823 51.8045276370115, -0.363132960703997 51.8045099479773, -0.363180565943169 51.8044250068064, -0.363262745677652 51.8044426958064)), ((-0.363454734840997 51.8044841230714, -0.363407130049909 51.8045690643564, -0.36332495328283 51.8045512855807, -0.363372554953349 51.8044664342045, -0.363454734840997 51.8044841230714)), ((-0.36355008559342 51.8043143323272, -0.36350248442128 51.8043991837817, -0.363420304667912 51.8043814949491, -0.36346790922883 51.8042965536542, -0.36355008559342 51.8043143323272)), ((-0.363358097057029 51.8042729052222, -0.363310347345439 51.8043578444539, -0.363228171000216 51.8043400656135, -0.363275917591005 51.8042552162908, -0.363358097057029 51.8042729052222)), ((-0.362450357296764 51.8044585426587, -0.362402605683225 51.8045434815027, -0.362320574345189 51.8045257040473, -0.362368177864462 51.8044408530934, -0.362450357296764 51.8044585426587)), ((-0.362545566777623 51.804288750742, -0.362497963756474 51.8043736017741, -0.36241578445851 51.804355912243, -0.362463387613836 51.8042710612451, -0.362545566777623 51.804288750742)), ((-0.362640920500745 51.8041189607557, -0.362593172873181 51.8042038098134, -0.362510993843731 51.8041861203507, -0.362558744861793 51.8041011814527, -0.362640920500745 51.8041189607557)), ((-0.362257584078171 51.8042266524576, -0.362209980586942 51.8043115033698, -0.362127801518654 51.8042938136392, -0.362175408401216 51.8042088728866, -0.362257584078171 51.8042266524576)), ((-0.362162228685376 51.8043964421156, -0.362114621572618 51.8044813828583, -0.362032445493191 51.8044636031847, -0.362080049482813 51.8043787523507, -0.362162228685376 51.8043964421156)), ((-0.361970241125462 51.8043550127527, -0.361922633698978 51.8044399534155, -0.361840454515252 51.8044222634833, -0.361888062076073 51.8043373228547, -0.361970241125462 51.8043550127527)), ((-0.361778253923826 51.8043135830789, -0.361730646183616 51.8043985236618, -0.361648467153067 51.8043808335966, -0.361696075027612 51.8042958930479, -0.361778253923826 51.8043135830789)), ((-0.362065597145185 51.8041852232546, -0.36201799008313 51.8042701639615, -0.361935814425492 51.8042523842233, -0.361983418364244 51.8041675334252, -0.362065597145185 51.8041852232546)), ((-0.361873610570473 51.8041437937409, -0.361825858224046 51.8042287323485, -0.361743679462005 51.8042110423517, -0.361791431942704 51.8041261037784, -0.361873610570473 51.8041437937409)), ((-0.362160807465742 51.8040154316494, -0.36211320402511 51.8041002825258, -0.362031025378504 51.8040825927305, -0.362078632210634 51.8039976520138, -0.362160807465742 51.8040154316494)), ((-0.361968821518095 51.8039740022955, -0.361921214506473 51.8040589429665, -0.361839039270685 51.8040411631636, -0.361886643158832 51.8039563124014, -0.361968821518095 51.8039740022955)), ((-0.361462781534456 51.8042456147973, -0.36141517327862 51.8043305552489, -0.361332997758417 51.8043127750906, -0.361380602889742 51.8042279245477, -0.361462781534456 51.8042456147973)), ((-0.361366931703346 51.8042249465457, -0.361319326549739 51.8043097970829, -0.361237147847297 51.8042921067327, -0.361284756394006 51.8042071663552, -0.361366931703346 51.8042249465457)), ((-0.361558139211491 51.8040758257222, -0.361510534578564 51.8041606763434, -0.36142835606812 51.8041429861281, -0.36147596409375 51.8040580456666, -0.361558139211491 51.8040758257222)), ((-0.361462289693404 51.8040551575506, -0.361414684904023 51.8041400081318, -0.361332506470023 51.8041223178501, -0.361380114652294 51.8040373774285, -0.361462289693404 51.8040551575506)), ((-0.361653354447897 51.8039059446649, -0.36160574692076 51.8039908852046, -0.36152356867882 51.8039731950577, -0.361571176340288 51.8038882545522, -0.361653354447897 51.8039059446649)), ((-0.362352797028444 51.804056770818, -0.362305190644372 51.8041417116488, -0.362223011844596 51.8041240219866, -0.362270618363004 51.80403908119, -0.362352797028444 51.804056770818)), ((-0.361461879058836 51.8035184197862, -0.361414552150043 51.8035636195539, -0.361292898122884 51.8035146266, -0.361340370068015 51.8034694289014, -0.361461879058836 51.8035184197862)), ((-0.361705194289209 51.8036162254744, -0.361657716031877 51.8036616030702, -0.361536064732355 51.8036125204896, -0.361583388314769 51.8035674105472, -0.361705194289209 51.8036162254744)), ((-0.361097352881701 51.8033714467608, -0.36104959086489 51.8034166403202, -0.360928369277982 51.8033677429301, -0.360975558010288 51.8033223615897, -0.361097352881701 51.8033714467608)), ((-0.361218574665248 51.8034203439783, -0.361171386070251 51.8034657254168, -0.36104959086489 51.8034166403202, -0.361097352881701 51.8033714467608, -0.361218574665248 51.8034203439783)), ((-0.360854046820797 51.8032734600843, -0.360806574603977 51.8033186575855, -0.360685066871186 51.8032696660326, -0.360732394188506 51.80322446656, -0.360854046820797 51.8032734600843)), ((-0.36061088352869 51.8031755648071, -0.360563559403504 51.803220674356, -0.36044175574565 51.8031718582626, -0.360489234687263 51.8031264811604, -0.36061088352869 51.8031755648071)))"
333,2020/R/CS/789,86,"((-0.377032831968856 51.8134889103045, -0.377002414899763 51.8138308145846, -0.376698132412324 51.8138204109033, -0.376728551773937 51.8134785067208, -0.377032831968856 51.8134889103045))"
334,2020/R/CS/792,124,"((-0.367839410830714 51.8018381086574, -0.36917759415364 51.8023423302747, -0.368970544496947 51.8025535581189, -0.367632357335376 51.8020493341284, -0.367839410830714 51.8018381086574))"
335,2020/R/CS/796,105,"(((-0.378323095697836 51.8169973858238, -0.378898010086775 51.8166108339522, -0.379290538600659 51.8168351075862, -0.378715624630723 51.8172216613672, -0.378323095697836 51.8169973858238)), ((-0.381741798993909 51.8168089722651, -0.381031094241686 51.8172930299999, -0.3804035219314 51.8169390991156, -0.381114227671161 51.816455045156, -0.381741798993909 51.8168089722651)))"
336,2020/R/EX/4,79,"((-0.377227364883645 51.8133155318605, -0.374330383025516 51.8126791784937, -0.374429593563674 51.8123611550845, -0.377326556579318 51.8129975058781, -0.377227364883645 51.8133155318605))"
337,2020/R/PG/5,106,"(((-0.374054164704666 51.80325024341, -0.371362830368531 51.8039454904999, -0.371362830368531 51.8039454904999, -0.371305771465518 51.8038706063846, -0.372651861226407 51.8035215582878, -0.372590256209263 51.8034399578268, -0.373936142938571 51.803091881425, -0.374054164704666 51.80325024341)), ((-0.375075085463201 51.8037792343914, -0.371343917071896 51.8047439862956, -0.371282930788112 51.8046653610836, -0.370573921651068 51.8048512054747, -0.370496285169165 51.8047516676032, -0.370419657352305 51.804652323493, -0.370342446738433 51.8045530611736, -0.370265703786985 51.8044529060825, -0.371151038345849 51.8042199599961, -0.371053027119384 51.8040941534615, -0.371409384188111 51.8040019753896, -0.371379501322924 51.8039658634027, -0.374582047695825 51.8031391160854, -0.374705271336136 51.8032980888164, -0.374828602020006 51.8034581419264, -0.374951485732099 51.8036185484013, -0.375075085463201 51.8037792343914)))"
338,2020/R/RAW/2028,112,"((-0.364388387119876 51.8058066147956, -0.364253604539642 51.8060439270853, -0.363774807889117 51.8059394339225, -0.363909592647549 51.8057021221966, -0.364388387119876 51.8058066147956))"
339,2020/R/RAW/2037,112,"((-0.364182518043048 51.8065811986498, -0.363893420950474 51.8070902599264, -0.363165065396496 51.8069313077837, -0.36345416959726 51.8064222483467, -0.364182518043048 51.8065811986498))"
340,2020/R/RS/2003,67,"((-0.38784546314098 51.8067513056949, -0.387750499303322 51.8071606667623, -0.386372390647348 51.8070377299419, -0.386467366662551 51.8066283700832, -0.38784546314098 51.8067513056949))"
341,2020/R/RS/2009,88,"((-0.369456935400204 51.8094335933102, -0.368911633449457 51.8102498769179, -0.367556946400807 51.8099311093924, -0.368063999737414 51.8091823704721, -0.368151221179943 51.8090848487833, -0.36821058905818 51.809144030436, -0.368498696051106 51.8092278761858, -0.369456935400204 51.8094335933102))"
342,2020/R/RS/9,79,"((-0.374318401036478 51.8127178581734, -0.374325844433689 51.8126924238716, -0.377223258845213 51.8133288732326, -0.37721538518759 51.8133542118511, -0.374318401036478 51.8127178581734))"
343,2020/R/WF/3,79,"((-0.374481908669172 51.8121852758993, -0.377366027300924 51.8128194700424, -0.377316729919889 51.8129802855749, -0.374432601790678 51.8123460901574, -0.374481908669172 51.8121852758993))"
344,2019/R/WS/1965,60,"((-0.376298388727978 51.8054258357784, -0.376188329673728 51.8057236590744, -0.375524056206851 51.8056295113937, -0.375634119382234 51.8053316887503, -0.376298388727978 51.8054258357784))"
345,2020/R/WS/2047,92,"((-0.373975909695635 51.8155830891399, -0.374299211715822 51.8156942029143, -0.374239497843198 51.8157610870156, -0.373916053725512 51.8156498811957, -0.373975909695635 51.8155830891399))"
346,2020/R/WS/2049,92,"((-0.374451554200699 51.8157463937086, -0.374528940362779 51.815773000379, -0.374469226720931 51.8158398845981, -0.374391840481197 51.8158132778881, -0.374451554200699 51.8157463937086))"
347,2020/R/WS/2055,92,"((-0.374146420283602 51.8153924787489, -0.374344472390781 51.8154604979538, -0.374280994627139 51.8155311965977, -0.374083232325494 51.8154631812939, -0.374146420283602 51.8153924787489))"
348,2020/R/WW/2014,63,"((-0.397978033275515 51.802991032006, -0.398289567070741 51.8035806515394, -0.396014588029889 51.8040426751261, -0.395703370940092 51.8034530537878, -0.397978033275515 51.802991032006))"
349,2020/R/WW/2015,87,"((-0.394938984151481 51.8032698886226, -0.395248310401827 51.8038552600402, -0.394896662721285 51.8039265332296, -0.394587633711968 51.80334107501, -0.394938984151481 51.8032698886226))"
350,2020/R/WW/2016,87,"((-0.393247149578899 51.8023625173052, -0.393720726791845 51.803259460303, -0.39328419885561 51.8033480028474, -0.392810194555175 51.8024510522263, -0.393247149578899 51.8023625173052))"
351,2020/R/WW/2017,89,"((-0.390850325251027 51.8034402543135, -0.391663881897993 51.8033499536686, -0.3917802358574 51.8037525862926, -0.390966527187043 51.8038428856939, -0.390850325251027 51.8034402543135))"
352,2020/R/WW/2018,87,"((-0.393786362816741 51.8033878627339, -0.394314313210583 51.8043879640641, -0.393497633656469 51.8045535031419, -0.392969258261185 51.8035535721168, -0.393786362816741 51.8033878627339))"
353,2020/R/WW/2019,83,"((-0.373362529304926 51.8136848564326, -0.372937404634312 51.8142463692045, -0.372068084544068 51.8139934453069, -0.372493356024969 51.8134321174834, -0.373362529304926 51.8136848564326))"
354,2020/R/WW/2022,83,"((-0.373712283032904 51.8127141546082, -0.373139275914066 51.8134709069843, -0.372481585633465 51.8132796306796, -0.373054604436529 51.8125227916837, -0.373712283032904 51.8127141546082))"
355,2020/R/WW/2026,89,"((-0.391992062839421 51.804492643641, -0.392096675106063 51.8048544716534, -0.391111839909875 51.8049638332897, -0.391007235314651 51.8046020044721, -0.391992062839421 51.804492643641))"
356,2020/R/WW/2029,87,"((-0.395421806689885 51.8012399781222, -0.395678633905455 51.8017269796539, -0.394671214024426 51.8019312875394, -0.394413958516207 51.8014443678438, -0.395421806689885 51.8012399781222))"
357,2020/R/WW/2030,89,"((-0.391717778141987 51.8053853914629, -0.391859276940235 51.805876398967, -0.391566575448226 51.8059088137383, -0.391425079744652 51.8054178059106, -0.391717778141987 51.8053853914629))"
358,2020/R/WW/2031+2034,89,"((-0.391627475957851 51.8026245237971, -0.391807752129242 51.8032483336948, -0.390658695596828 51.8033759473186, -0.390478434855955 51.8027521358018, -0.391627475957851 51.8026245237971))"
359,2020/R/WW/2032,87,"((-0.394514967670585 51.8016507635362, -0.394664204596905 51.801932630573, -0.394100316632985 51.8020465932514, -0.39395180451045 51.801764825305, -0.394514967670585 51.8016507635362))"
360,2020/R/WW/2035+2046,89,"((-0.390895164728563 51.8042136370164, -0.39187998082088 51.8041043669237, -0.391984443186125 51.8044662829374, -0.390999619420136 51.804575553834, -0.390895164728563 51.8042136370164))"
361,2020/R/WW/2039,89,"((-0.391321759260902 51.8050646272619, -0.391442919483521 51.805051088055, -0.391508134726999 51.805276778985, -0.391386977114986 51.8052902283779, -0.391321759260902 51.8050646272619))"
362,2020/R/WW/2042,89,"((-0.392128092396368 51.804974314393, -0.392203235571858 51.8052308931493, -0.391568006449743 51.8053021458653, -0.39149300855708 51.8050456585941, -0.392128092396368 51.804974314393))"
363,2020/R/WW/2045,89,"((-0.390805735274278 51.8038982342687, -0.39179055107216 51.8037887851115, -0.391859900179442 51.8040287397175, -0.390874943922164 51.8041379177975, -0.390805735274278 51.8038982342687))"
364,2020/R/CS/715,92,"(((-0.375946618839379 51.8163635735283, -0.375878560080961 51.8164325912121, -0.3756929177631 51.816362228268, -0.375760976694354 51.8162932106924, -0.375946618839379 51.8163635735283)), ((-0.375603243674983 51.8162334838432, -0.375535329607166 51.8163025033297, -0.375349688366281 51.8162321398513, -0.375417747617086 51.8161631224756, -0.375603243674983 51.8162334838432)), ((-0.375260012279817 51.8161034850475, -0.375191952881935 51.8161725023312, -0.375006170941232 51.8161020464398, -0.375074230512011 51.8160330292644, -0.375260012279817 51.8161034850475)), ((-0.375356834948546 51.8160051915611, -0.375288920858431 51.8160742109076, -0.375103274474818 51.8160040267986, -0.375171191970961 51.8159349176852, -0.375356834948546 51.8160051915611)), ((-0.375700207666302 51.8161352819499, -0.375632148886325 51.8162042994934, -0.375446504659236 51.8161340260438, -0.375514563612185 51.8160650086085, -0.375700207666302 51.8161352819499)), ((-0.376043437365785 51.8162653693478, -0.375975378905366 51.8163343870913, -0.375789733601977 51.816264114176, -0.375857795466717 51.8161950066657, -0.376043437365785 51.8162653693478)), ((-0.376140252237443 51.8161672549573, -0.376072049064677 51.8162362707583, -0.37588655224857 51.8161659101241, -0.375954613815109 51.8160968025541, -0.376140252237443 51.8161672549573)), ((-0.375797022992048 51.8160371678439, -0.375728819500164 51.8161061834446, -0.375543323760575 51.8160358222764, -0.375611382415529 51.8159668047814, -0.375797022992048 51.8160371678439)), ((-0.375453795737773 51.8159070797427, -0.375385591926784 51.8159760951429, -0.375200094031094 51.8159058233158, -0.375268153005732 51.8158368060208, -0.375453795737773 51.8159070797427)), ((-0.37555061432594 51.8158088759614, -0.375482410813254 51.8158778914214, -0.37529676815463 51.815807617745, -0.375364971840045 51.8157386023934, -0.37555061432594 51.8158088759614)), ((-0.37589369934748 51.8159388719008, -0.375825637931893 51.8160079794385, -0.375639997428734 51.8159376164215, -0.375708200794905 51.8158686008695, -0.37589369934748 51.8159388719008)), ((-0.376236924906437 51.816069048605, -0.376169012051544 51.8161380684698, -0.375983370471194 51.8160677059873, -0.3760514285086 51.8159986882326, -0.376236924906437 51.816069048605)), ((-0.376340961039562 51.8159637502553, -0.376272758485072 51.8160327661803, -0.376087113937708 51.8159624937377, -0.376155316664939 51.8158934779211, -0.376340961039562 51.8159637502553)), ((-0.375997729505285 51.8158337536068, -0.375929526631535 51.8159027693314, -0.375744028168966 51.8158324983569, -0.375812089437952 51.8157633908633, -0.375997729505285 51.8158337536068)), ((-0.37565435818399 51.8157036640927, -0.375586299999596 51.8157726816195, -0.375400805845052 51.8157023202362, -0.375468719193832 51.8156333008147, -0.37565435818399 51.8157036640927)), ((-0.375751175893943 51.8156054601355, -0.375683114775909 51.815674567597, -0.375497479090498 51.8156041144897, -0.375565682157642 51.8155350990141, -0.375751175893943 51.8156054601355)), ((-0.376094401751592 51.8157355473628, -0.376026344184736 51.8158045651493, -0.375840704190762 51.8157342024513, -0.375908906938806 51.8156651867753, -0.376094401751592 51.8157355473628)), ((-0.376437632830466 51.8158655437273, -0.376369575583313 51.8159345617138, -0.376183931282111 51.8158642894251, -0.376252133711043 51.8157952735486, -0.376437632830466 51.8158655437273)), ((-0.376534449206759 51.8157673391161, -0.376466534036451 51.8158364490389, -0.376280889980812 51.8157661769043, -0.376348802094392 51.8156971569645, -0.376534449206759 51.8157673391161)), ((-0.376191218582845 51.8156373430362, -0.376123161313977 51.8157063608824, -0.375937518334836 51.8156360882133, -0.376005575776678 51.8155670704753, -0.376191218582845 51.8156373430362)), ((-0.375847993179939 51.8155072560934, -0.375779932360097 51.8155763636146, -0.375594293688638 51.8155060005361, -0.375662351450024 51.8154369829982, -0.375847993179939 51.8155072560934)), ((-0.375944806810903 51.8154091418414, -0.375876749520328 51.8154781595473, -0.375691111094812 51.8154077966227, -0.375759168558213 51.8153387790251, -0.375944806810903 51.8154091418414)), ((-0.376288031759734 51.8155392284997, -0.376219974788708 51.8156082464056, -0.376034480294233 51.8155378860175, -0.376102392430132 51.8154688662176, -0.376288031759734 51.8155392284997)), ((-0.376631548716456 51.815669318173, -0.376563492065423 51.815738336279, -0.376377709707441 51.8156678825467, -0.376445766531383 51.815598864549, -0.376631548716456 51.815669318173)))"
368,2020/R/WS/2052,89,"((-0.392158466258337 51.8056738544049, -0.392209316860342 51.8058508818682, -0.392080880213386 51.8058650417489, -0.392030030101087 51.8056880142346, -0.392158466258337 51.8056738544049))"
369,2020/R/RS/2010,67,
504,2020/R/RN/1,120,
507,2020/R/RAS/2056,506,"((-0.378179881484373 51.8134942121443, -0.378142714912234 51.8137899847638, -0.377551408986991 51.8137612379119, -0.377588579398698 51.8134654655108, -0.378179881484373 51.8134942121443))"
518,2020/R/WS/2054,112,
519,2020/W/WW/2001,257,"((-0.616725181498968 51.9975339286072, -0.618410611338722 51.9980465263852, -0.617851378153343 51.9987473256224, -0.616165928684395 51.998234719758, -0.616725181498968 51.9975339286072))"
545,2020/R/RN/1 Grass,121,"(((-0.364318191546047 51.804479949781, -0.364077095468453 51.804909560577, -0.363994914557363 51.8048918721377, -0.364236014567405 51.8044621716402, -0.364318191546047 51.804479949781)), ((-0.363262101295677 51.8042522364905, -0.363020996490065 51.8046818450607, -0.362938816421214 51.8046641558896, -0.363179925161318 51.8042344576179, -0.363262101295677 51.8042522364905)), ((-0.362544928662532 51.8040982015689, -0.362303817926667 51.8045278086275, -0.362221638428689 51.8045101189594, -0.362462749843859 51.804080512074, -0.362544928662532 51.8040982015689)), ((-0.361776835928717 51.8039325726308, -0.361535718845313 51.8043621780705, -0.361453539959936 51.8043444878701, -0.361694657722626 51.8039148826037, -0.361776835928717 51.8039325726308)), ((-0.364318191546047 51.804479949781, -0.364077095468453 51.804909560577, -0.363994914557363 51.8048918721377, -0.364236014567405 51.8044621716402, -0.364318191546047 51.804479949781)), ((-0.363646081623084 51.8043350008259, -0.363404979990998 51.8047646102054, -0.363322799615971 51.8047469213003, -0.363563901927395 51.804317312094, -0.363646081623084 51.8043350008259)), ((-0.362832910958125 51.8041602991471, -0.362591799345823 51.8045899966872, -0.362509622874541 51.8045722173441, -0.362750731909783 51.8041426098517, -0.362832910958125 51.8041602991471)), ((-0.361776835928717 51.8039325726308, -0.361535718845313 51.8043621780705, -0.361453539959936 51.8043444878701, -0.361694657722626 51.8039148826037, -0.361776835928717 51.8039325726308)))"
546,2020/R/RN/1 Fallow,121,"(((-0.364126056605402 51.8044385219029, -0.363885103912748 51.8048681343108, -0.363802923154822 51.8048504457384, -0.364043876526893 51.8044208335036, -0.364126056605402 51.8044385219029)), ((-0.363646081623084 51.8043350008259, -0.363404979990998 51.8047646102054, -0.363322799615971 51.8047469213003, -0.363563901927395 51.804317312094, -0.363646081623084 51.8043350008259)), ((-0.362736915684747 51.8041396299902, -0.362495806535328 51.8045692374535, -0.362413626884175 51.8045515479184, -0.362654736712908 51.8041219406283, -0.362736915684747 51.8041396299902)), ((-0.362064816075811 51.803994672074, -0.361823698114384 51.8044243679952, -0.361741667228418 51.8044065901394, -0.361982637640043 51.8039769822465, -0.362064816075811 51.803994672074)), ((-0.364126056605402 51.8044385219029, -0.363885103912748 51.8048681343108, -0.363802923154822 51.8048504457384, -0.364043876526893 51.8044208335036, -0.364126056605402 51.8044385219029)), ((-0.363454092907755 51.8042935738763, -0.363212986434009 51.8047232727258, -0.363130809467306 51.804705493813, -0.363371913365229 51.8042758850114, -0.363454092907755 51.8042935738763)), ((-0.362544928662532 51.8040982015689, -0.362303817926667 51.8045278086275, -0.362221638428689 51.8045101189594, -0.362462749843859 51.804080512074, -0.362544928662532 51.8040982015689)), ((-0.362064816075811 51.803994672074, -0.361823698114384 51.8044243679952, -0.361741667228418 51.8044065901394, -0.361982637640043 51.8039769822465, -0.362064816075811 51.803994672074)))"
547,2020/R/RN/1 Clover Ley,121,"(((-0.364222198143248 51.8044591919518, -0.363981098018995 51.8048888924201, -0.363898920438214 51.8048711140396, -0.364140017988174 51.8044415036191, -0.364222198143248 51.8044591919518)), ((-0.362256802202404 51.8040361012726, -0.362015834056695 51.804465709743, -0.361933654788396 51.8044480198754, -0.362174623613467 51.804018411578, -0.362256802202404 51.8040361012726)))"
548,2020/R/RN/1 Oats,121,"(((-0.364222198143248 51.8044591919518, -0.363981098018995 51.8048888924201, -0.363898920438214 51.8048711140396, -0.364140017988174 51.8044415036191, -0.364222198143248 51.8044591919518)), ((-0.362256802202404 51.8040361012726, -0.362015834056695 51.804465709743, -0.361933654788396 51.8044480198754, -0.362174623613467 51.804018411578, -0.362256802202404 51.8040361012726)), ((-0.363838070696664 51.8043764274647, -0.363597115623723 51.804806039266, -0.363514935095466 51.8047883504941, -0.363755890847813 51.8043587388659, -0.363838070696664 51.8043764274647)), ((-0.361872827049757 51.8039533324393, -0.361631710759284 51.8043829380813, -0.361549535055657 51.8043651580729, -0.36179065202489 51.8039355526041, -0.361872827049757 51.8039533324393)))"
549,2020/R/RN/1 Wheat,121,"(((-0.363742074488062 51.8043557591215, -0.363500973648969 51.8047853687033, -0.363418796452028 51.8047675899901, -0.363659897969934 51.8043379805815, -0.363742074488062 51.8043557591215)), ((-0.363262101295677 51.8042522364905, -0.363020996490065 51.8046818450607, -0.362938816421214 51.8046641558896, -0.363179925161318 51.8042344576179, -0.363262101295677 51.8042522364905)), ((-0.362736915684747 51.8041396299902, -0.362495806535328 51.8045692374535, -0.362413626884175 51.8045515479184, -0.362654736712908 51.8041219406283, -0.362736915684747 51.8041396299902)), ((-0.362448933657474 51.8040775321789, -0.362207822128127 51.8045071390352, -0.362125642706654 51.8044894493006, -0.362366754915304 51.8040598426175, -0.362448933657474 51.8040775321789)))"
555,2020/W/RN/12,257,
556,2020/W/RN/3,257,
558,2020/R/RN/2 Grass,557,"(((-0.378342137680727 51.8132822608884, -0.378337305244585 51.8133360561088, -0.37760462575182 51.8133094964744, -0.377609755512788 51.8132555255415, -0.378342137680727 51.8132822608884)), ((-0.378366208832034 51.8130279404207, -0.378361086457996 51.8130817316463, -0.377628704297189 51.8130550863192, -0.377633540766449 51.8130012012574, -0.378366208832034 51.8130279404207)), ((-0.378445312440892 51.8121901708796, -0.378440048506356 51.8122438702434, -0.377707386638421 51.8122173113951, -0.377712657893702 51.812163432321, -0.378445312440892 51.8121901708796)), ((-0.378463302962368 51.8119961025933, -0.378458177622509 51.8120499837094, -0.377725667107268 51.8120233371247, -0.37773079331635 51.8119694560478, -0.378463302962368 51.8119961025933)))"
559,2020/R/RN/2 Oats,557,"(((-0.378377501301035 51.8129073340683, -0.378372668957019 51.8129611292941, -0.377639995514584 51.8129345699301, -0.377645266952921 51.8128806908668, -0.378377501301035 51.8129073340683)), ((-0.378474739849493 51.8118754982058, -0.378469614540148 51.8119293793236, -0.377737254194068 51.8119026449512, -0.377742087152864 51.8118488497476, -0.378474739849493 51.8118754982058)))"
560,2020/R/RN/2 Wheat,557,"(((-0.37833678296468 51.8133425231199, -0.378331512284273 51.8133964022167, -0.377598690044183 51.8133697506629, -0.37760410336749 51.8133159634814, -0.37833678296468 51.8133425231199)), ((-0.378347930608825 51.8132219147786, -0.378342804959841 51.8132757958765, -0.377610277895418 51.8132490585344, -0.377615401186169 51.8131952673508, -0.378347930608825 51.8132219147786)), ((-0.378353723519657 51.8131615686678, -0.378348597886026 51.8132154497666, -0.377616068567636 51.8131888023437, -0.377621195070545 51.8131349212841, -0.378353723519657 51.8131615686678)), ((-0.37842794416106 51.8123709396323, -0.37842296372472 51.812424822742, -0.377690308618612 51.8123979941377, -0.377695428467816 51.8123442928165, -0.37842794416106 51.8123709396323)), ((-0.378433443609349 51.8123106793842, -0.378428756409486 51.8123644766178, -0.377696240820363 51.8123378298079, -0.377701073886061 51.8122840346107, -0.378433443609349 51.8123106793842)), ((-0.378439381259677 51.8122503352573, -0.378434110857961 51.8123042143705, -0.377701886236526 51.812277571602, -0.377706719287461 51.812223776404, -0.378439381259677 51.8122503352573)))"
561,2020/R/RN/2 Clover Ley,557,"(((-0.378372001687826 51.8129675943066, -0.378366731103089 51.8130214734091, -0.377634063141924 51.8129947342498, -0.377639328141106 51.8129410349377, -0.378372001687826 51.8129675943066)), ((-0.378389077249367 51.8127869114606, -0.378383958162187 51.8128406128146, -0.377651434891314 51.8128139656621, -0.377656416300421 51.8127600825968, -0.378389077249367 51.8127869114606)), ((-0.378469092299916 51.8119358463371, -0.378463970201063 51.8119896375789, -0.377731315662693 51.8119629890385, -0.377736586853028 51.8119091099606, -0.378469092299916 51.8119358463371)), ((-0.378480532378381 51.8118151520724, -0.378475265313662 51.811868941317, -0.377742609495813 51.8118423827382, -0.377747880655414 51.8117885036585, -0.378480532378381 51.8118151520724)))"
562,2020/R/RN/2 Fallow,557,"(((-0.378359081412308 51.8131012165583, -0.378354390794947 51.8131551036556, -0.377621862450099 51.8131284562769, -0.377626698937318 51.8130745712161, -0.378359081412308 51.8131012165583)), ((-0.37838314589728 51.8128470758282, -0.378378313568024 51.8129008710548, -0.377645934324467 51.8128742258592, -0.377650622522283 51.8128204286697, -0.37838314589728 51.8128470758282)), ((-0.378450670067177 51.8121298187543, -0.378445834688275 51.8121837038666, -0.3777131802455 51.8121569653121, -0.377718158263952 51.8121031721123, -0.378450670067177 51.8121298187543)), ((-0.378457510381902 51.8120564487236, -0.378452675020955 51.8121103338369, -0.377720308528951 51.8120836892099, -0.377724999762404 51.8120298021339, -0.378457510381902 51.8120564487236)))"
579,2020/W/WW/2033,511,"((-0.593470334939889 52.0166865685049, -0.5932227874235551 52.0169407691793, -0.592310090446546 52.0166020411961, -0.5925576411926951 52.0163478424495, -0.593470334939889 52.0166865685049))"
606,CS-715 Wheat Plots,92,"(((-0.376340961039562 51.8159637502553, -0.376272758485072 51.8160327661803, -0.376087113937708 51.8159624937377, -0.376155316664939 51.8158934779211, -0.376340961039562 51.8159637502553)), ((-0.375997729505285 51.8158337536068, -0.375929526631535 51.8159027693314, -0.375744028168966 51.8158324983569, -0.375812089437952 51.8157633908633, -0.375997729505285 51.8158337536068)), ((-0.37565435818399 51.8157036640927, -0.375586299999596 51.8157726816195, -0.375400805845052 51.8157023202362, -0.375468719193832 51.8156333008147, -0.37565435818399 51.8157036640927)), ((-0.375751175893943 51.8156054601355, -0.375683114775909 51.815674567597, -0.375497479090498 51.8156041144897, -0.375565682157642 51.8155350990141, -0.375751175893943 51.8156054601355)), ((-0.376094401751592 51.8157355473628, -0.376026344184736 51.8158045651493, -0.375840704190762 51.8157342024513, -0.375908906938806 51.8156651867753, -0.376094401751592 51.8157355473628)), ((-0.376437632830466 51.8158655437273, -0.376369575583313 51.8159345617138, -0.376183931282111 51.8158642894251, -0.376252133711043 51.8157952735486, -0.376437632830466 51.8158655437273)), ((-0.376534449206759 51.8157673391161, -0.376466534036451 51.8158364490389, -0.376280889980812 51.8157661769043, -0.376348802094392 51.8156971569645, -0.376534449206759 51.8157673391161)), ((-0.376191218582845 51.8156373430362, -0.376123161313977 51.8157063608824, -0.375937518334836 51.8156360882133, -0.376005575776678 51.8155670704753, -0.376191218582845 51.8156373430362)), ((-0.375847993179939 51.8155072560934, -0.375779932360097 51.8155763636146, -0.375594293688638 51.8155060005361, -0.375662351450024 51.8154369829982, -0.375847993179939 51.8155072560934)), ((-0.375944806810903 51.8154091418414, -0.375876749520328 51.8154781595473, -0.375691111094812 51.8154077966227, -0.375759168558213 51.8153387790251, -0.375944806810903 51.8154091418414)), ((-0.376288031759734 51.8155392284997, -0.376219974788708 51.8156082464056, -0.376034480294233 51.8155378860175, -0.376102392430132 51.8154688662176, -0.376288031759734 51.8155392284997)), ((-0.376631548716456 51.815669318173, -0.376563492065423 51.815738336279, -0.376377709707441 51.8156678825467, -0.376445766531383 51.815598864549, -0.376631548716456 51.815669318173)))"
607,CS-715 Wheat Surrounds,92,"((-0.376418966726347 51.8161096209136, -0.375171762856592 51.8156357522859, -0.375173762344561 51.8156335426521, -0.3756128371793 51.8151476572148, -0.375645980531502 51.8151982900921, -0.376854053943003 51.8156585413763, -0.376420065763683 51.8161080841465, -0.376420352553101 51.8161081780248, -0.376418966726347 51.8161096209136))"
608,CS-715 Oat plots,92,"(((-0.375946618839379 51.8163635735283, -0.375878560080961 51.8164325912121, -0.3756929177631 51.816362228268, -0.375760976694354 51.8162932106924, -0.375946618839379 51.8163635735283)), ((-0.375603243674983 51.8162334838432, -0.375535329607166 51.8163025033297, -0.375349688366281 51.8162321398513, -0.375417747617086 51.8161631224756, -0.375603243674983 51.8162334838432)), ((-0.375260012279817 51.8161034850475, -0.375191952881935 51.8161725023312, -0.375006170941232 51.8161020464398, -0.375074230512011 51.8160330292644, -0.375260012279817 51.8161034850475)), ((-0.375356834948546 51.8160051915611, -0.375288920858431 51.8160742109076, -0.375103274474818 51.8160040267986, -0.375171191970961 51.8159349176852, -0.375356834948546 51.8160051915611)), ((-0.375700207666302 51.8161352819499, -0.375632148886325 51.8162042994934, -0.375446504659236 51.8161340260438, -0.375514563612185 51.8160650086085, -0.375700207666302 51.8161352819499)), ((-0.376043437365785 51.8162653693478, -0.375975378905366 51.8163343870913, -0.375789733601977 51.816264114176, -0.375857795466717 51.8161950066657, -0.376043437365785 51.8162653693478)), ((-0.376140252237443 51.8161672549573, -0.376072049064677 51.8162362707583, -0.37588655224857 51.8161659101241, -0.375954613815109 51.8160968025541, -0.376140252237443 51.8161672549573)), ((-0.375797022992048 51.8160371678439, -0.375728819500164 51.8161061834446, -0.375543323760575 51.8160358222764, -0.375611382415529 51.8159668047814, -0.375797022992048 51.8160371678439)), ((-0.375453795737773 51.8159070797427, -0.375385591926784 51.8159760951429, -0.375200094031094 51.8159058233158, -0.375268153005732 51.8158368060208, -0.375453795737773 51.8159070797427)), ((-0.37555061432594 51.8158088759614, -0.375482410813254 51.8158778914214, -0.37529676815463 51.815807617745, -0.375364971840045 51.8157386023934, -0.37555061432594 51.8158088759614)), ((-0.37589369934748 51.8159388719008, -0.375825637931893 51.8160079794385, -0.375639997428734 51.8159376164215, -0.375708200794905 51.8158686008695, -0.37589369934748 51.8159388719008)), ((-0.376236924906437 51.816069048605, -0.376169012051544 51.8161380684698, -0.375983370471194 51.8160677059873, -0.3760514285086 51.8159986882326, -0.376236924906437 51.816069048605)))"
609,CS-715 Oat surrounds,92,"((-0.375171762856592 51.8156357522859, -0.376418966726347 51.8161096209136, -0.375938187438471 51.8166101964765, -0.374681216782117 51.816177854688, -0.375171762856592 51.8156357522859))"
